Region,FinancialYear,Regime,Organisation,All_ABI__Female_Count,All_ABI__Female_Rate,All_ABI__Male_Count,All_ABI__Male_Rate,All_ABI__Total_Count,All_ABI__Total_Rate,Head_injuries_Female_Count,Head_injuries_Female_Rate,Head_injuries_Male_Count,Head_injuries_Male_Rate,Head_injuries_Total_Count,Head_injuries_Total_Rate,Stroke_Female_Count,Stroke_Female_Rate,Stroke_Male_Count,Stroke_Male_Rate,Stroke_Total_Count,Stroke_Total_Rate,Meningitis_Female_Count,Meningitis_Female_Rate,Meningitis_Male_Count,Meningitis_Male_Rate,Meningitis_Total_Count,Meningitis_Total _Rate,Brain_tumour_Female_Count,Brain_tumour_Female_Rate,Brain_tumour_Male_Count,Brain_tumour_Male_Rate,Brain_tumour_Total_Count,Brain_tumour_Total_Rate,Other_disorders_Female_Count,Other_disorders_Female_Rate,Other_disorders_Male_Count,Other_disorders_Male_Rate,Other_disorders_Total_Count,Other_disorders_Total_Rate,Abscess_Female_Count,Abscess_Female_Rate,Abscess_Male_Count,Abscess_Male_Rate,Abscess_Total_Count,Abscess_Total_Rate,Anoxia_Female_Count,Anoxia_Female_Rate,Anoxia_Male_Count,Anoxia_Male_Rate,Anoxia_Total_Count,Anoxia_Total_Rate,CO_poisoning_Female_Count,CO_poisoning_Female_Rate,CO_poisoning_Male_Count,CO_poisoning_Male_Rate,CO_poisoning_Total_Count,CO_poisoning_Total_Rate
South_West,2006-07,PCT,SOUTH GLOUCESTERSHIRE PCT,592,457.14285714285717,719,561.71875,1311,509.126213592233,203,156.75675675675677,384,300,587,227.96116504854368,280,216.21621621621622,240,187.5,520,201.94174757281553,36,27.7992277992278,9,7.03125,45,17.475728155339805,60,46.33204633204633,61,47.65625,121,46.99029126213592,13,10.03861003861004,25,19.53125,38,14.757281553398057,,,,,,,,,,,,,,,,,,
South_West,2006-07,PCT,PLYMOUTH PRIMARY CARE TRUST,539,419.7819314641744,802,652.5630593978844,1341,533.625149224035,216,168.22429906542055,516,419.853539462978,732,291.28531635495426,249,193.92523364485982,208,169.24328722538647,457,181.85435734182252,22,17.133956386292834,9,7.3230268510984535,31,12.335853561480302,38,29.595015576323988,59,48.006509357200976,97,38.59928372463192,14,10.903426791277258,10,8.136696501220504,24,9.550338241146042,,,,,,,,,,,,,,,,,,
South_West,2006-07,PCT,BATH AND NORTH EAST SOMERSET PCT,551,625.4256526674235,532,626.6195524146053,1083,626.0115606936416,161,182.74687854710558,264,310.9540636042403,425,245.66473988439307,295,334.84676503972764,204,240.28268551236746,499,288.4393063583815,24,27.241770715096486,6,7.067137809187279,30,17.341040462427745,51,57.888762769580026,35,41.224970553592456,86,49.71098265895954,20,22.701475595913738,23,27.0906949352179,43,24.85549132947977,,,,,,,,,,,,,,,,,,
South_West,2006-07,PCT,SWINDON PCT,392,404.12371134020617,642,659.8150051387462,1034,532.1667524446732,151,155.6701030927835,377,387.46145940390545,528,271.7447246525991,184,189.69072164948454,193,198.35560123329907,377,194.02985074626866,8,8.247422680412372,9,9.249743062692703,17,8.749356664951106,40,41.23711340206186,55,56.5262076053443,95,48.89346371590324,9,9.278350515463918,8,8.221993833504625,17,8.749356664951106,,,,,,,,,,,,,,,,,,
South_West,2006-07,PCT,NORTH SOMERSET PCT,522,508.2765335929892,579,589.6130346232179,1101,548.0338476854157,194,188.89970788704963,298,303.4623217922607,492,244.8979591836735,253,246.34858812073998,195,198.57433808553972,448,222.99651567944252,19,18.50048685491723,11,11.201629327902241,30,14.932802389248383,50,48.6854917234664,58,59.063136456211815,108,53.758088601294176,6,5.842259006815968,17,17.311608961303463,23,11.448481831757094,,,,,,,,,,,,,,,,,,
South_West,2006-07,PCT,GLOUCESTERSHIRE PCT,1325,448.6962411107348,1631,574.2957746478874,2956,510.2710167443467,373,126.31222485607856,797,280.63380281690144,1170,201.9678922837908,634,214.6969183880799,549,193.3098591549296,1183,204.21197997583292,38,12.868269556383337,42,14.788732394366198,80,13.809770412566893,236,79.91872671859126,202,71.12676056338029,438,75.60849300880373,44,14.900101591601759,41,14.43661971830986,85,14.672881063352323,,,,,,,,,,,,,,,,,,
South_West,2006-07,PCT,BRISTOL PCT,1036,495.93106749640975,1500,732.7796775769419,2536,613.1528046421663,482,230.73240785064624,998,487.54274548119207,1480,357.83365570599614,426,203.92532312111058,363,177.33268197361997,789,190.7640232108317,19,9.09526089037817,30,14.65559355153884,49,11.847195357833655,79,37.81713738630924,76,37.127503663898395,155,37.475822050290134,30,14.360938247965533,33,16.121152906692725,63,15.2321083172147,,,,,,,,,,,,,,,,,,
South_West,2006-07,PCT,WILTSHIRE PCT,1077,475.28684907325686,1241,565.1183970856102,2318,519.4979829672793,425,187.55516328331862,640,291.43897996357015,1065,238.68220528910803,489,215.79876434245367,453,206.2841530054645,942,211.11609143881668,22,9.70873786407767,23,10.473588342440802,45,10.085163603765128,120,52.9567519858782,85,38.70673952641166,205,45.94352308381892,21,9.267431597528685,40,18.214936247723134,61,13.670999551770507,,,,,,,,,,,,,,,,,,
South_West,2006-07,PCT,SOMERSET PRIMARY CARE TRUST,1455,547.198194810079,1653,655.6921856406188,3108,600,514,193.30575404287328,800,317.33439111463707,1314,253.66795366795367,723,271.9067318540805,635,251.88417294724317,1358,262.1621621621622,27,10.154193305754044,37,14.676715589051964,64,12.355212355212355,156,58.66867243324558,146,57.91352637842127,302,58.3011583011583,35,13.162843174125612,35,13.883379611265372,70,13.513513513513514,,,,,,,,,,,,,,,,,,
South_West,2006-07,PCT,DORSET PRIMARY CARE TRUST,1087,524.8672139063256,1273,653.1554643406876,2360,587.0646766169154,406,196.04056011588608,602,308.87634684453565,1008,250.74626865671644,535,258.32930951231293,464,238.07080554130323,999,248.50746268656718,22,10.622887493964269,14,7.183170856849666,36,8.955223880597016,97,46.837276677933374,164,84.14571575166752,261,64.92537313432837,27,13.037180106228877,29,14.879425346331452,56,13.93034825870647,,,,,,,,,,,,,,,,,,
South_West,2006-07,PCT,BOURNEMOUTH AND POOLE PRIMARY CARE TRUST,748,482.5806451612903,1099,756.8870523415978,1847,615.2564956695537,305,196.7741935483871,614,422.8650137741047,919,306.12924716855434,341,220,296,203.85674931129478,637,212.1918720852765,35,22.58064516129032,25,17.21763085399449,60,19.986675549633578,48,30.96774193548387,146,100.55096418732782,194,64.62358427714857,19,12.258064516129032,18,12.396694214876034,37,12.325116588940707,,,,,,,,,,,,,,,,,,
South_West,2006-07,PCT,CORNWALL & ISLES OF SCILLY PCT,1608,596.8819599109131,1906,748.9194499017682,3514,670.7386905898072,639,237.19376391982183,1014,398.42829076620825,1653,315.51822866959344,778,288.78990348923537,668,262.475442043222,1446,276.0068715403703,24,8.908685968819599,32,12.57367387033399,56,10.68906279824394,116,43.05864884929473,143,56.188605108055015,259,49.43691544187822,51,18.93095768374165,49,19.25343811394892,100,19.087612139721323,,,,,,,,,,,,,,,,,,
South_West,2006-07,PCT,DEVON PRIMARY CARE TRUST,2194,580.1163405605499,2628,735.104895104895,4822,655.4302025282044,729,192.75515600211529,1284,359.16083916083915,2013,273.6169634361832,1132,299.3125330512956,1040,290.9090909090909,2172,295.22903357346746,58,15.335801163405606,52,14.545454545454545,110,14.951746635857006,224,59.227921734531996,197,55.1048951048951,421,57.22441212450727,51,13.48492860920148,55,15.384615384615383,106,14.40804675818948,,,,,,,,,,,,,,,,,,
South_West,2006-07,PCT,TORBAY CARE TRUST,491,710.5643994211289,580,904.8361934477381,1071,804.0540540540542,214,309.69609261939223,314,489.8595943837754,528,396.3963963963964,216,312.5904486251809,225,351.0140405616225,441,331.0810810810811,25,36.179450072358904,15,23.4009360374415,40,30.030030030030034,25,36.179450072358904,23,35.8814352574103,48,36.03603603603604,11,15.918958031837917,3,4.6801872074883,14,10.510510510510512,,,,,,,,,,,,,,,,,,
South_West,2006-07,PCT,unknown,0,0,0,0,0,0,0,0,0,0,0,0,0,0,0,0,0,0,0,0,0,0,0,0,0,0,0,0,0,0,0,0,0,0,0,0,17,0.6485579124065314,53,2.1133219027871926,70,1.3647618490573394,32,1.220814893941706,51,2.0335739064556004,83,1.618217621025131,18,0.6867083778422097,35,1.395589935802863,53,1.0333196857148428
South_West,2007-08,PCT,SOUTH GLOUCESTERSHIRE PCT,508,390.46887009992315,645,499.22600619195055,1153,444.65869649055156,193,148.34742505764797,353,273.2198142414861,546,210.56691091399927,188,144.5042275172944,198,153.25077399380808,386,148.86232163517164,33,25.36510376633359,14,10.8359133126935,47,18.125723100655616,79,60.722521137586476,61,47.21362229102168,140,53.99151561897417,15,11.529592621060724,19,14.70588235294118,34,13.11222522175087,,,,,,,,,,,,,,,,,,
South_West,2007-08,PCT,PLYMOUTH PRIMARY CARE TRUST,577,445.90417310664606,820,656,1397,549.1352201257862,208,160.741885625966,509,407.2,717,281.83962264150944,288,222.56568778979906,209,167.2,497,195.36163522012578,16,12.364760432766614,18,14.4,34,13.364779874213836,54,41.73106646058732,58,46.4,112,44.0251572327044,11,8.500772797527048,26,20.8,37,14.544025157232705,,,,,,,,,,,,,,,,,,
South_West,2007-08,PCT,BATH AND NORTH EAST SOMERSET PCT,473,532.0584926884139,556,642.7745664739884,1029,586.6590649942988,164,184.4769403824522,278,321.3872832369942,442,251.99543899657925,257,289.0888638920135,207,239.3063583815029,464,264.5381984036488,14,15.748031496062993,11,12.716763005780347,25,14.253135689851767,24,26.996625421822273,42,48.554913294797686,66,37.62827822120867,14,15.748031496062993,18,20.809248554913296,32,18.244013683010262,,,,,,,,,,,,,,,,,,
South_West,2007-08,PCT,SWINDON PCT,430,436.105476673428,652,658.5858585858585,1082,547.5708502024291,177,179.5131845841785,334,337.37373737373736,511,258.60323886639674,194,196.75456389452333,227,229.2929292929293,421,213.05668016194332,9,9.127789046653144,3,3.0303030303030303,12,6.0728744939271255,36,36.511156186612574,67,67.67676767676768,103,52.125506072874494,14,14.198782961460447,21,21.21212121212121,35,17.71255060728745,,,,,,,,,,,,,,,,,,
South_West,2007-08,PCT,NORTH SOMERSET PCT,572,548.9443378119001,601,601.6016016016015,1173,574.7182753552179,186,178.5028790786948,323,323.3233233233233,509,249.38755512003914,231,221.68905950095967,194,194.19419419419418,425,208.23125918667316,19,18.234165067178502,12,12.012012012012011,31,15.188633023027926,125,119.96161228406909,55,55.05505505505505,180,88.19206271435569,11,10.55662188099808,17,17.017017017017015,28,13.718765311121997,,,,,,,,,,,,,,,,,,
South_West,2007-08,PCT,GLOUCESTERSHIRE PCT,1240,416.66666666666663,1654,576.5074939003138,2894,495.1240376390077,430,144.48924731182794,768,267.6890902753573,1198,204.96150556030796,548,184.13978494623655,515,179.505054025793,1063,181.86484174508126,26,8.736559139784944,25,8.71383757406762,51,8.72540633019675,203,68.21236559139784,299,104.21749738584873,502,85.88537211291703,33,11.088709677419354,47,16.382014639247124,80,13.686911890504705,,,,,,,,,,,,,,,,,,
South_West,2007-08,PCT,BRISTOL PCT,837,396.68246445497635,1327,632.5071496663488,2164,514.2585551330799,367,173.93364928909955,851,405.62440419447086,1218,289.4486692015209,350,165.87677725118485,349,166.3489037178265,699,166.1121673003802,18,8.530805687203792,31,14.775977121067681,49,11.644486692015208,74,35.07109004739337,60,28.598665395614866,134,31.844106463878326,28,13.270142180094787,36,17.15919923736892,64,15.20912547528517,,,,,,,,,,,,,,,,,,
South_West,2007-08,PCT,WILTSHIRE PCT,1174,513.5608048993876,1308,590.2527075812275,2482,551.3105286539317,447,195.53805774278214,689,310.92057761732855,1136,252.3322967569969,489,213.91076115485563,426,192.23826714801447,915,203.24300310972902,18,7.874015748031496,28,12.635379061371843,46,10.217681030653043,185,80.92738407699038,125,56.407942238267154,310,68.85828520657486,35,15.31058617672791,40,18.050541516245488,75,16.65926254997779,,,,,,,,,,,,,,,,,,
South_West,2007-08,PCT,SOMERSET PRIMARY CARE TRUST,1257,469.2049272116462,1460,575.4828537642885,2717,520.8972392638037,441,164.61366181410975,723,284.98226251478127,1164,223.15950920245402,618,230.68309070548713,537,211.66732361056367,1155,221.43404907975463,31,11.571481896229937,18,7.0949940875049275,49,9.394171779141105,135,50.391937290033596,143,56.3657863618447,278,53.29754601226995,32,11.944755505785741,39,15.37248718959401,71,13.611963190184051,,,,,,,,,,,,,,,,,,
South_West,2007-08,PCT,DORSET PRIMARY CARE TRUST,1090,522.2807858169622,1331,677.0091556459817,2421,597.3353071798667,408,195.495927168184,650,330.6205493387589,1058,261.0412040463854,527,252.5155725922377,488,248.21973550356054,1015,250.43177892918825,29,13.89554384283661,34,17.293997965412004,63,15.544041450777202,107,51.26976521322473,125,63.58087487283825,232,57.24154946952874,19,9.103977000479158,34,17.293997965412004,53,13.07673328398717,,,,,,,,,,,,,,,,,,
South_West,2007-08,PCT,BOURNEMOUTH AND POOLE PRIMARY CARE TRUST,816,521.7391304347826,1179,799.322033898305,1995,656.4659427443239,381,243.60613810741688,685,464.4067796610169,1066,350.7732806844357,370,236.57289002557545,318,215.59322033898303,688,226.39025995393223,16,10.230179028132993,19,12.88135593220339,35,11.516946363935507,36,23.017902813299234,136,92.20338983050847,172,56.59756498848306,13,8.312020460358056,21,14.23728813559322,34,11.18789075353735,,,,,,,,,,,,,,,,,,
South_West,2007-08,PCT,CORNWALL & ISLES OF SCILLY PCT,1854,682.8729281767957,1973,767.4056787242317,3827,723.9878925463488,622,229.09760589318603,957,372.2287047841307,1579,298.7135830495649,977,359.85267034990795,765,297.54959159859976,1742,329.5497540673477,38,13.9963167587477,47,18.280824581874757,85,16.080211880438895,171,62.983425414364646,151,58.732010890704004,322,60.91562618236851,46,16.94290976058932,53,20.6145468689226,99,18.72871736662883,,,,,,,,,,,,,,,,,,
South_West,2007-08,PCT,DEVON PRIMARY CARE TRUST,2167,567.7233429394813,2725,752.9704338214977,4892,657.8805809575041,697,182.60413937647368,1336,369.16275214147555,2033,273.3996772458311,1170,306.5234477338224,1052,290.68803536888646,2222,298.81656804733734,65,17.0290804296568,64,17.684443216358112,129,17.34803657880581,189,49.51532617238669,203,56.092843326885884,392,52.7165142549758,46,12.051349227141735,70,19.342359767891683,116,15.599784830554063,,,,,,,,,,,,,,,,,,
South_West,2007-08,PCT,TORBAY CARE TRUST,499,719.0201729106627,592,914.9922720247295,1091,813.5719612229678,186,268.0115273775216,300,463.67851622874804,486,362.4161073825503,269,387.6080691642651,229,353.9412673879443,498,371.36465324384784,12,17.291066282420747,11,17.001545595054097,23,17.15137956748695,25,36.023054755043226,39,60.278207109737245,64,47.7255779269202,7,10.086455331412102,13,20.09273570324575,20,14.914243102162564,,,,,,,,,,,,,,,,,,
South_West,2007-08,PCT,unknown,0,0,0,0,0,0,0,0,0,0,0,0,0,0,0,0,0,0,0,0,0,0,0,0,0,0,0,0,0,0,0,0,0,0,0,0,16,0.605143721633888,25,0.9844845239032844,41,0.7909866111046804,26,0.9833585476550679,48,1.8902102858943062,74,1.427634371262106,15,0.5673222390317699,27,1.0632432858155472,42,0.8102789674730873
South_West,2008-09,PCT,SOUTH GLOUCESTERSHIRE PCT,421,322.85276073619633,638,490.7692307692308,1059,406.6820276497696,178,136.50306748466258,340,261.53846153846155,518,198.92473118279574,176,134.96932515337423,186,143.07692307692307,362,139.01689708141322,16,12.269938650306749,13,10,29,11.136712749615977,39,29.9079754601227,81,62.30769230769231,120,46.082949308755765,12,9.202453987730062,18,13.846153846153845,30,11.520737327188941,,,,,,,,,,,,,,,,,,
South_West,2008-09,PCT,PLYMOUTH PRIMARY CARE TRUST,593,456.15384615384613,823,655.2547770700637,1416,553.9906103286385,219,168.46153846153845,509,405.2547770700637,728,284.82003129890455,252,193.84615384615384,216,171.97452229299364,468,183.09859154929578,14,10.769230769230768,13,10.35031847133758,27,10.56338028169014,91,70,72,57.32484076433121,163,63.77151799687011,17,13.076923076923077,13,10.35031847133758,30,11.737089201877934,,,,,,,,,,,,,,,,,,
South_West,2008-09,PCT,BATH AND NORTH EAST SOMERSET PCT,487,543.5267857142858,550,626.4236902050114,1037,584.554678692221,179,199.77678571428572,266,302.9612756264237,445,250.84554678692223,241,268.97321428571433,203,231.20728929384967,444,250.28184892897409,12,13.392857142857144,8,9.111617312072893,20,11.273957158962798,38,42.41071428571429,46,52.391799544419136,84,47.350620067643746,17,18.97321428571429,27,30.751708428246012,44,24.802705749718154,,,,,,,,,,,,,,,,,,
South_West,2008-09,PCT,SWINDON PCT,438,436.68993020937194,713,707.3412698412699,1151,572.3520636499254,157,156.53040877367897,373,370.03968253968253,530,263.55047240179016,236,235.29411764705884,235,233.13492063492063,471,234.21183490800595,9,8.973080757726821,8,7.936507936507937,17,8.453505718547985,23,22.93120638085743,81,80.35714285714286,104,51.71556439582297,13,12.961116650049853,16,15.873015873015873,29,14.420686225758327,,,,,,,,,,,,,,,,,,
South_West,2008-09,PCT,NORTH SOMERSET PCT,588,557.345971563981,619,609.251968503937,1207,582.810236600676,198,187.67772511848344,366,360.23622047244095,564,272.33220666344766,247,234.12322274881518,193,189.96062992125985,440,212.4577498792854,25,23.696682464454977,18,17.716535433070867,43,20.76291646547562,98,92.89099526066352,42,41.338582677165356,140,67.60019314340899,20,18.95734597156398,,0,20,9.657170449058427,,,,,,,,,,,,,,,,,,
South_West,2008-09,PCT,GLOUCESTERSHIRE PCT,1416,474.84909456740445,1786,620.1388888888889,3202,546.2299556465371,363,121.73038229376259,683,237.1527777777778,1046,178.4373933810986,644,215.962441314554,592,205.55555555555557,1236,210.84953940634594,39,13.078470824949699,45,15.625,84,14.329580348004093,330,110.66398390342053,407,141.31944444444446,737,125.72500852951211,40,13.41381623071764,59,20.48611111111111,99,16.888433981576252,,,,,,,,,,,,,,,,,,
South_West,2008-09,PCT,BRISTOL PCT,935,438.7611450023464,1438,674.8005631159081,2373,556.7808540591273,402,188.64382918817458,915,429.3758798686063,1317,309.00985452839046,371,174.09666823087753,382,179.25856405443454,753,176.67761614265603,21,9.854528390427031,34,15.95495072735805,55,12.90473955889254,110,51.61895823557016,73,34.25621773815111,183,42.937587986860635,31,14.547160957297045,34,15.95495072735805,65,15.251055842327547,,,,,,,,,,,,,,,,,,
South_West,2008-09,PCT,WILTSHIRE PCT,1169,507.15835140997825,1366,610.912343470483,2535,558.2470821404977,459,199.13232104121474,717,320.6618962432916,1176,258.97379431843206,525,227.76572668112797,483,216.01073345259394,1008,221.97753798722746,24,10.412147505422993,15,6.7084078711985695,39,8.588416648315349,124,53.79609544468546,107,47.85330948121646,231,50.869852455406296,37,16.052060737527114,44,19.67799642218247,81,17.837480731116493,,,,,,,,,,,,,,,,,,
South_West,2008-09,PCT,SOMERSET PRIMARY CARE TRUST,1489,553.1203566121843,1741,682.7450980392157,3230,616.1770316673025,535,198.73699851411592,838,328.62745098039215,1373,261.9229301793208,768,285.28974739970283,654,256.47058823529414,1422,271.2705074399084,33,12.258543833580982,31,12.15686274509804,64,12.209080503624568,119,44.20505200594354,177,69.41176470588236,296,56.46699732926363,34,12.630014858841012,41,16.07843137254902,75,14.307516215185041,,,,,,,,,,,,,,,,,,
South_West,2008-09,PCT,DORSET PRIMARY CARE TRUST,1137,544.0191387559809,1422,722.560975609756,2559,630.6062099556432,413,197.60765550239236,650,330.2845528455284,1063,261.95170034499756,551,263.6363636363636,564,286.5853658536585,1115,274.7658945293248,26,12.440191387559809,31,15.752032520325201,57,14.046328240512569,109,52.153110047846894,132,67.07317073170731,241,59.38886150813209,38,18.181818181818183,45,22.865853658536583,83,20.453425332676197,,,,,,,,,,,,,,,,,,
South_West,2008-09,PCT,BOURNEMOUTH AND POOLE PRIMARY CARE TRUST,815,520.4342273307791,1099,739.0719569603228,1914,626.9243367179824,343,219.02937420178802,666,447.8816408876934,1009,330.49459547985595,347,221.5836526181354,318,213.85339609952928,665,217.81853914182776,24,15.325670498084293,26,17.484868863483527,50,16.377333770062236,70,44.699872286079184,61,41.0221923335575,131,42.90861447756306,31,19.795657726692212,28,18.82985877605918,59,19.32525384867344,,,,,,,,,,,,,,,,,,
South_West,2008-09,PCT,CORNWALL & ISLES OF SCILLY PCT,1817,665.8116526200074,1814,701.7408123791103,3631,683.2894241625894,663,242.9461341150605,892,345.06769825918764,1555,292.6232593150169,837,306.70575302308544,714,276.20889748549325,1551,291.87053067369214,33,12.09234151703921,40,15.473887814313347,73,13.737297704177644,234,85.74569439355076,136,52.61121856866538,370,69.62739932254422,50,18.32172957127153,32,12.379110251450678,82,15.430937147158449,,,,,,,,,,,,,,,,,,
South_West,2008-09,PCT,DEVON PRIMARY CARE TRUST,2155,562.66318537859,2577,708.3562396921385,4732,633.6368505623996,731,190.86161879895562,1227,337.27322704782847,1958,262.1853240492769,1073,280.1566579634465,963,264.70588235294116,2036,272.6298875200857,86,22.45430809399478,30,8.246289169873558,116,15.532940546331012,212,55.35248041775457,295,81.0885101704233,507,67.8896625602571,53,13.838120104438643,62,17.042330951072017,115,15.399035886448848,,,,,,,,,,,,,,,,,,
South_West,2008-09,PCT,TORBAY CARE TRUST,474,684.9710982658959,620,956.7901234567901,1094,816.4179104477612,183,264.4508670520231,335,516.9753086419753,518,386.56716417910445,233,336.7052023121387,232,358.02469135802465,465,347.0149253731343,12,17.341040462427745,10,15.432098765432098,22,16.417910447761194,36,52.02312138728323,36,55.55555555555556,72,53.731343283582085,10,14.45086705202312,7,10.802469135802468,17,12.686567164179104,,,,,,,,,,,,,,,,,,
South_West,2008-09,PCT,unknown,0,0,0,0,0,0,0,0,0,0,0,0,0,0,0,0,0,0,0,0,0,0,0,0,0,0,0,0,0,0,0,0,0,0,0,0,34,1.279397930385701,32,1.2509284234392712,66,1.2654344658332692,23,0.865475070555033,35,1.3682029631367028,58,1.112048469974691,13,0.48918156161806214,36,1.4072944763691801,49,0.9394892246337908
South_West,2009-10,PCT,SOUTH GLOUCESTERSHIRE PCT,502,382.33054074638227,717,547.746371275783,1219,464.91228070175436,234,178.2178217821782,414,316.27196333078683,648,247.1395881006865,201,153.08453922315306,198,151.26050420168065,399,152.17391304347825,14,10.662604722010661,15,11.459129106187929,29,11.060259344012204,40,30.46458492003046,69,52.71199388846447,109,41.57131960335621,13,9.9009900990099,21,16.042780748663098,34,12.967200610221203,,,,,,,,,,,,,,,,,,
South_West,2009-10,PCT,PLYMOUTH PRIMARY CARE TRUST,668,511.87739463601537,904,716.3232963549921,1572,612.3880015582392,274,209.9616858237548,549,435.0237717908082,823,320.60771328398914,266,203.8314176245211,223,176.70364500792394,489,190.49474094273472,22,16.85823754789272,19,15.055467511885896,41,15.97195169458512,92,70.49808429118774,95,75.27733755942948,187,72.8476821192053,14,10.727969348659004,18,14.263074484944532,32,12.465913517724973,,,,,,,,,,,,,,,,,,
South_West,2009-10,PCT,BATH AND NORTH EAST SOMERSET PCT,475,528.3648498331479,573,652.6195899772209,1045,588.0697805289815,185,205.78420467185762,296,337.12984054669704,481,270.6809229037704,235,261.4015572858732,207,235.76309794988612,442,248.73382104670796,3,3.337041156840934,8,9.111617312072893,8,4.501969611705121,33,36.70745272525028,35,39.863325740318906,68,38.26674169949353,19,21.134593993325918,27,30.751708428246012,46,25.886325267304446,,,,,,,,,,,,,,,,,,
South_West,2009-10,PCT,SWINDON PCT,507,497.54661432777226,628,616.2904808635917,1135,556.918547595682,195,191.36408243375857,330,323.84690873405293,525,257.60549558390574,246,241.4131501472031,221,216.87929342492637,467,229.14622178606473,6,5.888125613346418,8,7.850834151128557,14,6.869479882237487,37,36.31010794896957,51,50.04906771344455,88,43.17958783120706,23,22.5711481844946,18,17.664376840039253,41,20.117762512266925,,,,,,,,,,,,,,,,,,
South_West,2009-10,PCT,NORTH SOMERSET PCT,537,504.2253521126761,623,607.2124756335282,1160,554.7584887613583,237,222.53521126760563,326,317.73879142300194,563,269.24916307986615,205,192.48826291079814,200,194.9317738791423,405,193.687230989957,13,12.206572769953052,16,15.594541910331383,29,13.868962219033957,61,57.27699530516432,66,64.32748538011695,127,60.73648971783836,21,19.71830985915493,15,14.619883040935672,36,17.216642754662843,,,,,,,,,,,,,,,,,,
South_West,2009-10,PCT,GLOUCESTERSHIRE PCT,1605,535,1826,631.3969571230982,3431,582.3150033944331,502,167.33333333333334,891,308.09128630705396,1393,236.46240027160076,664,221.33333333333334,635,219.57123098201936,1299,220.46843177189407,39,13,38,13.139695712309821,77,13.06856754921928,347,115.66666666666667,205,70.88520055325034,552,93.68635437881873,53,17.666666666666668,57,19.70954356846473,110,18.6693822131704,,,,,,,,,,,,,,,,,,
South_West,2009-10,PCT,BRISTOL PCT,991,457.1033210332103,1409,651.4100785945445,2400,554.1445393673516,487,224.63099630996308,945,436.8932038834951,1432,330.6395751558531,329,151.75276752767527,283,130.83680073971334,612,141.30685753867465,26,11.99261992619926,25,11.558021266759129,51,11.775571461556222,121,55.811808118081174,107,49.46833102172907,228,52.6437312398984,28,12.915129151291511,49,22.653721682847895,77,17.778803971369197,,,,,,,,,,,,,,,,,,
South_West,2009-10,PCT,WILTSHIRE PCT,1178,508.4160552438499,1394,620.935412026726,2572,563.7878123629987,480,207.16443677168755,756,336.74832962138083,1236,270.9932032449024,500,215.7962883038412,429,191.0913140311804,929,203.63875493204733,29,12.516184721622789,26,11.58129175946548,55,12.05611573871109,144,62.149331031506264,143,63.69710467706013,287,62.91100394563787,25,10.78981441519206,40,17.817371937639198,65,14.248136782113107,,,,,,,,,,,,,,,,,,
South_West,2009-10,PCT,SOMERSET PRIMARY CARE TRUST,1579,587.4255952380952,1859,729.8782881821752,3438,656.7335243553008,580,215.77380952380952,814,319.5916764821359,1394,266.2846227316141,774,287.94642857142856,752,295.24931291715745,1526,291.49952244508114,22,8.184523809523808,24,9.422850412249707,46,8.787010506208214,163,60.63988095238095,200,78.52375343541422,363,69.34097421203438,40,14.88095238095238,69,27.090694935217908,109,20.821394460362942,,,,,,,,,,,,,,,,,,
South_West,2009-10,PCT,DORSET PRIMARY CARE TRUST,1191,572.3209995194618,1337,682.1428571428571,2528,625.5877258104429,480,230.65833733781835,684,348.9795918367347,1164,288.1188118811881,553,265.7376261412782,509,259.6938775510204,1062,262.80623608017817,15,7.2080730418068235,17,8.673469387755102,32,7.918831972284087,108,51.89812590100913,99,50.51020408163265,207,51.22494432071269,35,16.818837097549256,28,14.285714285714286,63,15.590200445434297,,,,,,,,,,,,,,,,,,
South_West,2009-10,PCT,BOURNEMOUTH AND POOLE PRIMARY CARE TRUST,926,589.0585241730281,1294,869.0396239086634,2220,725.2531852335837,447,284.35114503816794,802,538.6165211551377,1249,407.90333115610713,409,260.1781170483461,372,249.83210208193418,781,255.14537732767067,12,7.633587786259543,10,6.715916722632639,22,7.187193727540019,49,31.1704834605598,88,59.100067159167224,137,44.75661548513557,9,5.725190839694657,22,14.775016789791806,31,10.127409343351845,,,,,,,,,,,,,,,,,,
South_West,2009-10,PCT,CORNWALL & ISLES OF SCILLY PCT,2090,763.0522088353414,2239,863.1457208943717,4329,811.7382336396025,669,244.24972617743703,1022,393.9861218195837,1691,317.0823176448528,1108,404.5271997079226,924,356.20663068619893,2032,381.02381398837434,26,9.492515516611903,41,15.805705474171164,67,12.563285205325334,244,89.08360715589632,207,79.79953739398613,451,84.56778548659292,43,15.699160277473531,45,17.347725520431766,88,16.501031314457155,,,,,,,,,,,,,,,,,,
South_West,2009-10,PCT,DEVON PRIMARY CARE TRUST,2220,579.4831636648394,2624,720.2854790008234,4844,648.113459994648,815,212.73818846254238,1301,357.1232500686247,2116,283.1147979662831,1080,281.9107282693813,991,272.02854790008234,2071,277.09392560877706,50,13.051422605063951,37,10.156464452374417,87,11.640353224511639,227,59.25345862699034,237,65.05627230304694,464,62.08188386406207,48,12.529365700861392,58,15.92094427669503,106,14.18249933101418,,,,,,,,,,,,,,,,,,
South_West,2009-10,PCT,TORBAY CARE TRUST,492,710.9826589595375,599,924.3827160493827,1091,814.1791044776119,195,281.7919075144508,314,484.5679012345679,509,379.8507462686567,245,354.04624277456645,234,361.1111111111111,479,357.46268656716416,12,17.341040462427745,6,9.25925925925926,18,13.432835820895521,31,44.79768786127167,39,60.18518518518518,70,52.23880597014925,9,13.005780346820808,6,9.25925925925926,15,11.194029850746269,,,,,,,,,,,,,,,,,,
South_West,2009-10,PCT,unknown,0,0,0,0,0,0,0,0,0,0,0,0,0,0,0,0,0,0,0,0,0,0,0,0,0,0,0,0,0,0,0,0,0,0,0,0,17,0.6369665405223126,37,1.4410905550146054,54,1.0312428385913988,31,1.1615272209524525,42,1.635832521908471,73,1.3940875410587428,18,0.6744351605530369,34,1.324245374878286,52,0.9930486593843099
South_West,2010-11,PCT,SOUTH GLOUCESTERSHIRE PCT,491,371.4715873412167,741,558.617102277439,1232,465.2111197541027,229,173.25253258887705,371,279.68548575564085,600,226.56385702310195,183,138.4507138155655,224,168.86670838076427,407,153.6858163473375,8,6.0524902214454865,12,9.046430806112372,20,7.552128567436732,53,40.097747717076345,115,86.69496189191024,168,63.43787996646855,18,13.618102998252345,19,14.323515443011257,37,13.971437849757955,,,,,,,,,,,,,,,,,,
South_West,2010-11,PCT,PLYMOUTH PRIMARY CARE TRUST,743,567.3574733884146,939,735.017847078715,1682,650.1488152757914,271,206.9365750851418,554,433.6527021103388,825,318.8898766959143,308,235.18990821484752,256,200.3882522387125,564,218.00471570484328,18,13.744864765802777,13,10.17596593399712,31,11.982528700088903,125,95.45044976251928,91,71.23176153797984,216,83.49116771674848,21,16.03567556010324,25,19.56916525768677,46,17.780526458196437,,,,,,,,,,,,,,,,,,
South_West,2010-11,PCT,BATH AND NORTH EAST SOMERSET PCT,517,569.4836094465985,603,678.1376518218624,1120,623.2471174820816,189,208.18646457525557,296,332.8834907782276,485,269.8882606953657,261,287.4955939372577,204,229.41970310391363,465,258.7588478831857,10,11.015156855833627,12,13.49527665317139,22,12.242354093398033,44,48.46669016566796,59,66.35177687809266,103,57.316475982727155,13,14.319703912583716,32,35.98740440845704,45,25.041178827405066,,,,,,,,,,,,,,,,,,
South_West,2010-11,PCT,SWINDON PCT,527,510.302889456968,656,633.1679632453719,1183,571.8346078365028,187,181.0752188395693,312,301.14086056792075,499,241.2049613782036,241,233.36431946703848,222,214.27330463486672,463,223.80340103829312,3,2.9049500348594,7,6.756365461459761,10,4.8337667610862445,81,78.43365094120381,84,81.07638553751714,165,79.75715155792304,15,14.524750174297,31,29.921047043607512,46,22.235327100996724,,,,,,,,,,,,,,,,,,
South_West,2010-11,PCT,NORTH SOMERSET PCT,532,493.07653808367473,631,604.9856184084373,1163,548.0833576821211,169,156.63521604537786,275,263.66251198465966,444,209.24248564992413,241,223.36737909429624,247,236.81687440076703,488,229.9782274710878,24,22.244054349639462,13,12.464046021093003,37,17.436873804160346,73,67.65899864682002,85,81.49568552253116,158,74.46016381236039,25,23.170889947541106,11,10.546500479386387,36,16.965606944588444,,,,,,,,,,,,,,,,,,
South_West,2010-11,PCT,GLOUCESTERSHIRE PCT,1476,488.944099378882,1767,605.8590374830278,3243,546.394688025987,543,179.87577639751555,811,278.0711258623291,1354,228.12778525661005,632,209.35817805383024,629,215.66798787596178,1261,212.45874239925058,24,7.950310559006212,35,12.000603458916792,59,9.940575576174293,228,75.527950310559,257,88.11871682690331,485,81.71490092278869,49,16.231884057971016,35,12.000603458916792,84,14.1526838711634,,,,,,,,,,,,,,,,,,
South_West,2010-11,PCT,BRISTOL PCT,952,432.79612665651354,1476,666.9076450388577,2428,550.2113146832546,378,171.84552087832154,910,411.1693475510573,1288,291.87486544976605,402,182.75634760075465,370,167.17874570757274,772,174.94363053355542,25,11.365444502534494,26,11.747695644315922,51,11.55715693939291,122,55.46336917236833,119,53.76829929513826,241,54.61323181164101,25,11.365444502534494,51,23.04355684077354,76,17.22242994889924,,,,,,,,,,,,,,,,,,
South_West,2010-11,PCT,WILTSHIRE PCT,1216,521.83913965205,1471,648.5518907646386,2687,584.3400350125588,502,215.43030271819828,730,321.851040284287,1232,267.92218948100947,527,226.15890345117626,547,241.16783429521234,1074,233.5620385573086,14,6.008016410467681,48,21.16280812828189,62,13.483097197907945,148,63.51331633922977,108,47.61631828863425,256,55.67214326878119,25,10.728600732978002,38,16.75388976822316,63,13.700566507551622,,,,,,,,,,,,,,,,,,
South_West,2010-11,PCT,SOMERSET PRIMARY CARE TRUST,1619,600.6574212170455,1849,723.260107648016,3468,660.3374804355029,689,255.62258382862527,888,347.35260983852794,1577,300.274569390654,695,257.8486150375828,677,264.81724871698583,1372,261.2407794571828,38,14.098197656731147,35,13.690699712104143,73,13.8998373909434,139,51.569723007516565,201,78.62373263236951,340,64.73896867014734,58,21.518301686589645,48,18.77581674802854,106,20.18332552657535,,,,,,,,,,,,,,,,,,
South_West,2010-11,PCT,DORSET PRIMARY CARE TRUST,1143,548.5408238190536,1283,653.198790334898,2426,599.3245863894523,468,224.59939242984868,601,305.9801036564877,1069,264.0882039778749,517,248.11514078254652,489,248.9588530582737,1006,248.52453994550248,23,11.03800432881735,21,10.691484487165127,44,10.869860594037883,102,48.95114963214651,144,73.31303648341802,246,60.77240241212088,33,15.837136645694459,28,14.255312649553503,61,15.069579459916154,,,,,,,,,,,,,,,,,,
South_West,2010-11,PCT,BOURNEMOUTH AND POOLE PRIMARY CARE TRUST,920,579.4509072815565,1201,792.8334719636656,2121,683.6356135154214,443,279.01820861492337,703,464.0815410411798,1146,369.37596090932243,388,244.37712176656947,343,226.42954278396112,731,235.61416005647007,16,10.077407083157503,22,14.523177671274475,38,12.248068511827444,52,32.75157302026189,93,61.393432883114826,145,46.7360509003942,21,13.226596796644223,40,26.405777584135407,61,19.661373137407214,,,,,,,,,,,,,,,,,,
South_West,2010-11,PCT,CORNWALL & ISLES OF SCILLY PCT,1723,624.4699435331299,2022,773.1397042797986,3745,696.8154880964563,711,257.6889900476235,1018,389.2463990884446,1729,321.7073374949995,771,279.43489638075636,746,285.2434319449702,1517,282.2614407055606,37,13.409975572098553,46,17.58873709044052,83,15.443440724167123,156,56.53935646614525,181,69.20785681238553,337,62.70409065113639,48,17.39672506650623,31,11.853279343557743,79,14.699178520592804,,,,,,,,,,,,,,,,,,
South_West,2010-11,PCT,DEVON PRIMARY CARE TRUST,2234,581.8162877308123,2593,708.5202773967549,4827,643.6480590550761,781,203.4013073938068,1216,332.26404061490706,1997,266.2865493956882,1091,284.1367815193895,997,272.4237240896894,2088,278.4207887522268,57,14.844909758574888,66,18.034067993901203,123,16.401224624771984,249,64.8488163137745,252,68.85735052216823,501,66.80498810577856,56,14.584472745266558,62,16.94109417608901,118,15.73450817661052,,,,,,,,,,,,,,,,,,
South_West,2010-11,PCT,TORBAY CARE TRUST,459,662.653211485989,586,901.4829856624208,1045,778.2767686246472,185,267.08244907387353,263,404.5904867392776,448,333.653581190279,218,314.72418323299695,254,390.7451849116978,472,351.5278801826157,11,15.88057805304113,8,12.306934957848748,19,14.150486702266312,35,50.529111986949054,52,79.99507722601686,87,64.79433384721942,10,14.4368891391283,9,13.845301827579842,19,14.150486702266312,,,,,,,,,,,,,,,,,,
South_West,2010-11,PCT,unknown,0,0,0,0,0,0,0,0,0,0,0,0,0,0,0,0,0,0,0,0,0,0,0,0,0,0,0,0,0,0,0,0,0,0,0,0,22,0.8191295036298606,49,1.8896527628073145,71,1.3449906769413853,39,1.4520932109802076,46,1.773959736512989,85,1.610200106197433,14,0.5212642295826386,36,1.3883163155319045,50,0.9471765330573135
South_West,2011-12,PCT,SOUTH GLOUCESTERSHIRE PCT,471,354.88780723036814,629,481.2584641045455,1100,417.58884202614104,201,151.4489368435329,354,270.8513454578841,555,210.69255211318935,182,137.13286818668152,202,154.5535926059113,384,145.7764684891256,18,13.562591359122349,16,12.2418687212603,34,12.907291480807995,53,39.93429677963803,30,22.953503852363063,83,31.50897626197246,17,12.80911406139333,27,20.658153467126755,44,16.70355368104564,,,,,,,,,,,,,,,,,,
South_West,2011-12,PCT,PLYMOUTH PRIMARY CARE TRUST,684,528.7119988250845,873,686.223647597038,1557,606.8069948438944,278,214.8858708675051,520,408.74718986306965,798,311.00319966951037,272,210.24804631640785,226,177.64781713279567,498,194.0847035531531,27,20.870210479937544,23,18.07920262855885,50,19.48641601939288,82,63.383602198328845,86,67.60049678504613,168,65.47435782516008,25,19.324268962905133,18,14.148941187567797,43,16.758317776677877,,,,,,,,,,,,,,,,,,
South_West,2011-12,PCT,BATH AND NORTH EAST SOMERSET PCT,459,512.3168104651033,542,630.635871778463,1001,570.2468981075323,167,186.39849095353432,257,299.02844842631913,424,241.54314165593775,227,253.36800866139095,203,236.19756821222873,430,244.96120498125762,6,6.696951770785664,9,10.471813369015067,15,8.545158313299686,50,55.807931423213866,38,44.21432311361917,88,50.13159543802482,9,10.045427656178497,35,40.72371865728082,44,25.06579771901241,,,,,,,,,,,,,,,,,,
South_West,2011-12,PCT,SWINDON PCT,509,474.24274893085743,644,598.4295869534916,1153,536.4187881494715,194,180.75263908170206,315,292.7101240533383,509,236.80586571386038,224,208.70407811495494,227,210.93713701621522,451,209.82209319636743,8,7.4537170755341045,13,12.08010035775682,21,9.769986601161234,68,63.35659514203989,53,49.24963992008549,121,56.29373232097663,15,13.975719516626446,36,33.45258560609581,51,23.727110317105854,,,,,,,,,,,,,,,,,,
South_West,2011-12,PCT,NORTH SOMERSET PCT,461,441.77822924552714,618,625.8861656876645,1079,531.288929593138,160,153.3286695863001,262,265.3433259064209,422,207.78862677321987,225,215.61844160573452,240,243.06258861656875,465,228.9614015392115,18,17.24947532845876,26,26.331780433461613,44,21.665164876828612,52,49.83181761554753,72,72.91877658497063,124,61.05637374378973,6,5.749825109486253,18,18.229694146242657,24,11.817362660088335,,,,,,,,,,,,,,,,,,
South_West,2011-12,PCT,GLOUCESTERSHIRE PCT,1488,487.90884498729406,1843,628.3368676571865,3331,556.7543444723202,499,163.61996884990575,840,286.3825115746265,1339,223.80488359304616,615,201.65587343224854,641,218.5371308563519,1256,209.93198938974308,21,6.885810312320682,27,9.205152157755853,48,8.022878575404194,313,102.63136322649397,292,99.55201592832255,605,101.1216987108237,40,13.115829166325108,43,14.660057140129691,83,13.872894203303085,,,,,,,,,,,,,,,,,,
South_West,2011-12,PCT,BRISTOL PCT,971,452.24000856973856,1339,627.5630961029223,2310,539.6263262893799,476,221.69541099814168,867,406.3459330255665,1343,313.7308035526568,329,153.2306517193038,316,148.10301595856868,645,150.67488331456713,32,14.903893176345658,33,15.466454198204955,65,15.184290566584282,104,48.43765282312339,89,41.71255829212851,193,45.08566275924257,30,13.972399852824056,34,15.935134628453591,64,14.95068609632914,,,,,,,,,,,,,,,,,,
South_West,2011-12,PCT,WILTSHIRE PCT,1136,473.226857290443,1275,544.2554372185346,2411,508.30770009213205,478,199.12186424721105,625,266.79188098947776,1103,232.54392086338518,506,210.78590650436985,494,210.8723027340832,1000,210.82857739200833,21,8.748031692869105,17,7.256739162913795,38,8.011485940896316,91,37.90813733576612,107,45.67477002539859,198,41.74405832361765,40,16.662917510226865,32,13.65974430666126,72,15.179657572224599,,,,,,,,,,,,,,,,,,
South_West,2011-12,PCT,SOMERSET PRIMARY CARE TRUST,1508,553.9169051178543,1742,671.710277707085,3250,611.3837778250163,641,235.45141656534787,839,323.5160292745375,1480,278.4147665172382,642,235.8187354679459,629,242.54062266231716,1271,239.09808665095255,23,8.448334759755072,83,32.004565470544236,106,19.940517061369764,151,55.46515429230504,156,60.1531591976494,307,57.752252243778464,51,18.733264032500376,35,13.495901102036726,86,16.178155351677354,,,,,,,,,,,,,,,,,,
South_West,2011-12,PCT,DORSET PRIMARY CARE TRUST,1323,623.759435363341,1497,742.1472197985247,2825,682.6755080193227,543,256.0101083917568,777,385.20266518600783,1320,318.9846621541614,609,287.1273591355062,551,273.1617355437456,1160,280.31985462032367,19,8.957996426230899,18,8.923613865312923,42,10.149511977632407,116,54.690925549620225,118,58.49924645038471,234,56.547281018237705,36,16.973045860226968,33,16.35995875307369,69,16.674198248967528,,,,,,,,,,,,,,,,,,
South_West,2011-12,PCT,BOURNEMOUTH AND POOLE PRIMARY CARE TRUST,1118,667.4985521610117,1420,865.6741894972994,2538,765.5531257069603,524,312.8526308876298,811,494.4096955509224,1335,402.6845637583893,481,287.1796096506678,453,276.16225904385675,934,281.72837644219896,20,11.940940110214878,14,8.534815952790275,34,10.255636829801675,81,48.36080744637025,96,58.524452247704744,177,53.38963879043813,12,7.164564066128927,46,28.04296670202519,58,17.49490988613227,,,,,,,,,,,,,,,,,,
South_West,2011-12,PCT,CORNWALL & ISLES OF SCILLY PCT,1789,647.344044000579,2028,781.1296336240101,3817,712.1481238245917,662,239.54262556086266,942,362.8324037839337,1604,299.26266455715097,891,322.405557967868,773,297.7382676485995,1664,310.45702856801694,28,10.131712259371835,39,15.021723723538656,67,12.500373145467028,157,56.8099580257635,233,89.74516993806428,390,72.76336607062898,51,18.454190186712985,41,15.792068529873973,92,17.16469148332786,,,,,,,,,,,,,,,,,,
South_West,2011-12,PCT,DEVON PRIMARY CARE TRUST,2361,613.5814340289509,2636,726.3328731755571,4997,668.3081252198382,781,202.9678525949219,1192,328.4479456848498,1973,263.87270983765075,1103,286.64986096312276,1018,280.50336300937676,2121,283.6665066222287,61,15.852802827516307,65,17.91033260865372,126,16.851475640924477,353,91.73835078874191,299,82.38752999980713,652,87.19969934827587,63,16.37256685464799,62,17.083701872869703,125,16.71773377075841,,,,,,,,,,,,,,,,,,
South_West,2011-12,PCT,TORBAY CARE TRUST,459,675.1290687925633,511,808.4675505489986,970,739.368716318706,175,257.40215041110804,281,444.57804638800116,456,347.57952024879376,229,336.82909968082134,186,294.2758598867196,415,316.3278528580031,9,13.237824878285554,6,9.49276967376515,15,11.433536850289268,37,54.42216894406284,31,49.0459766477866,68,51.83203372131135,9,13.237824878285554,7,11.074897952726008,16,12.195772640308553,,,,,,,,,,,,,,,,,,
South_West,2011-12,PCT,unknown,0,0,0,0,0,0,0,0,0,0,0,0,0,0,0,0,0,0,0,0,0,0,0,0,0,0,0,0,0,0,0,0,0,0,0,0,24,0.8875503315000488,58,2.229059713435158,82,1.5454010560743119,35,1.2943442334375712,55,2.1137635213609256,90,1.6961718908132692,16,0.5917002210000325,30,1.1529619207423232,46,0.8669322997490043
South_West,2012-13,PCT,SOUTH GLOUCESTERSHIRE PCT,538,400.5181424296116,686,520.4026672533207,1224,459.89622276411154,233,173.45860071765705,373,282.95946776310296,606,227.6937181332121,197,146.65813022050833,216,163.8585657823867,413,155.1774019620736,16,11.911320220954991,13,9.861858125791793,29,10.896234036077807,79,58.81214359096527,66,50.067895100173715,145,54.481170180389036,13,9.67794767952593,18,13.65488048186556,31,11.647698452359034,,,,,,,,,,,,,,,,,,
South_West,2012-13,PCT,PLYMOUTH PRIMARY CARE TRUST,621,477.0427955783279,852,666.4111569116693,1473,570.8727027508855,223,171.30522288883597,461,360.5816236341309,684,265.08956461751916,265,203.5689868409934,286,223.70139774264956,551,213.544371497446,14,10.754587984052481,10,7.821727193798935,24,9.301388232193656,102,78.35485531238237,71,55.53426307597244,173,67.04750684039593,17,13.059142552063728,24,18.772145265117445,41,15.889871563330827,,,,,,,,,,,,,,,,,,
South_West,2012-13,PCT,BATH AND NORTH EAST SOMERSET PCT,462,510.226620135177,600,688.9029220965613,1062,597.8282285257511,181,199.89397888412776,282,323.7843733853838,463,260.63509398062405,226,249.5913769492424,213,244.56053734427923,439,247.1248515280647,7,7.730706365684499,8,9.185372294620816,15,8.443901532849592,37,40.86230507576092,58,66.59394913600092,95,53.47804304138075,11,12.148252860361357,39,44.77868993627648,50,28.146338442831972,,,,,,,,,,,,,,,,,,
South_West,2012-13,PCT,SWINDON PCT,438,403.52671291561876,550,506.1054723804441,988,454.84678845020625,178,163.99030798853912,264,242.93062674261316,442,203.4840895698291,173,159.38383866301837,192,176.67681944917322,365,168.03550383028875,14,12.898114111458133,3,2.7605753038933316,17,7.82631113730112,42,38.6943423343744,54,49.690355470079965,96,44.1956393635828,31,28.560109818228725,37,34.04709541468442,68,31.30524454920448,,,,,,,,,,,,,,,,,,
South_West,2012-13,PCT,NORTH SOMERSET PCT,565,538.0747400099043,597,600.7184471880943,1162,568.5348729114172,195,185.70721115386078,256,257.5945100170053,451,220.66198595787364,238,226.65803207496856,243,244.51353880520423,481,235.3401668419894,24,22.856272142013637,10,10.062285547539268,34,16.63527166866453,93,88.56805455030283,61,61.379941839989534,154,75.34799520512757,15,14.285170088758523,27,27.168170978356024,42,20.549453237762066,,,,,,,,,,,,,,,,,,
South_West,2012-13,PCT,GLOUCESTERSHIRE PCT,1515,493.92134424850605,1814,614.0202416816167,3329,552.844016281414,512,166.92259290774592,743,251.49781674169856,1255,208.41671385796775,671,218.7598825021436,672,227.4650509426937,1343,223.03079419223164,40,13.040827570917651,27,9.139220796804658,67,11.12662934540545,231,75.31077922204943,304,102.90085637883763,535,88.84696566853606,61,19.88726204564942,68,23.0172968215821,129,21.42291321727318,,,,,,,,,,,,,,,,,,
South_West,2012-13,PCT,BRISTOL PCT,986,455.11823380891497,1386,642.2494485737058,2372,548.5014487190456,471,217.40434901014092,891,412.87464551166795,1362,314.9489768783053,336,155.09100056774386,348,161.25743730422047,684,158.16820865254098,24,11.077928611981703,26,12.0479694537636,50,11.562003556472293,121,55.851223418741085,83,38.46082556393765,204,47.17297451040696,34,15.693732200307414,38,17.60857074011603,72,16.6492851213201,,,,,,,,,,,,,,,,,,
South_West,2012-13,PCT,WILTSHIRE PCT,1255,520.3841305645857,1451,615.7489136338946,2706,567.5145129358075,499,206.90970609699463,682,289.4147202607279,1181,247.68464145498473,570,236.34976447953292,565,239.76439435089625,1135,238.0373141840878,21,8.70762290187753,24,10.184682237914178,45,9.437602765007886,110,45.61135805745372,115,48.801602390005435,225,47.18801382503943,55,22.80567902872686,65,27.583514394350896,120,25.166940706687694,,,,,,,,,,,,,,,,,,
South_West,2012-13,PCT,SOMERSET PRIMARY CARE TRUST,1663,607.2867101712308,1811,693.580075753804,3474,649.4064865875315,640,233.7122636858615,831,318.2578922978526,1471,274.97896999719603,765,279.35919018700633,709,271.5341102757852,1474,275.5397700719694,24,8.764209888219806,35,13.404363694855405,59,11.029068137209086,194,70.84402992977677,174,66.63883665442401,368,68.79147583886345,40,14.607016480366344,62,23.74487283088672,102,19.06720254229367,,,,,,,,,,,,,,,,,,
South_West,2012-13,PCT,DORSET PRIMARY CARE TRUST,1137,534.9354737025344,1232,608.7227198837893,2369,570.9259170000482,444,208.893008200462,603,297.9381494236404,1047,252.32563744155783,547,257.3524222649836,467,230.74148554036495,1014,244.37268038752592,14,6.586716474789342,17,8.399582985409431,31,7.470959656817853,103,48.45941406452159,96,47.43293921172384,199,47.95874102279848,29,13.643912697777923,49,24.210562722650714,78,18.797898491348146,,,,,,,,,,,,,,,,,,
South_West,2012-13,PCT,BOURNEMOUTH AND POOLE PRIMARY CARE TRUST,931,550.5520304193302,1173,705.5384467327494,2104,627.3873669709177,435,257.23967049667954,693,416.8270618804735,1128,336.35596480189884,358,211.70529204094547,335,201.49648734481764,693,206.64422305648574,32,18.923378059525852,11,6.616302569531325,43,12.822080218512102,82,48.49115627753499,106,63.75709748821095,188,56.05932746698314,24,14.192533544644387,28,16.8414974497161,52,15.50577142703789,,,,,,,,,,,,,,,,,,
South_West,2012-13,PCT,CORNWALL & ISLES OF SCILLY PCT,1739,624.8113709202224,1851,706.8824612188472,3590,664.5957443657462,560,201.20435176269382,765,292.14753259449924,1325,245.28951567816537,889,319.41190842327643,787,300.5491609828378,1676,310.2680968125322,36,12.934565470458889,29,11.074873784628076,65,12.0330705804383,188,67.54717523461865,215,82.10682288603573,403,74.60503759871746,66,23.71337002917463,55,21.00407097084635,121,22.400023695892838,,,,,,,,,,,,,,,,,,
South_West,2012-13,PCT,DEVON PRIMARY CARE TRUST,2303,594.7615530430202,2702,738.3663576021403,5005,664.5360794628477,762,196.79040530559328,1173,320.5417237110698,1935,256.9185442079141,1159,299.31768995955724,1106,302.2328614019123,2265,300.73410988678324,62,16.01181775452334,62,16.94252930101136,124,16.464030739938686,269,69.47062864462545,297,81.160180683877,566,75.15033386133302,51,13.171011378720811,64,17.48906250426979,115,15.269060766878619,,,,,,,,,,,,,,,,,,
South_West,2012-13,PCT,TORBAY CARE TRUST,454,667.0682789932264,555,874.9389119228163,1009,767.3470629391902,193,283.5774842416139,242,381.50489492850727,435,330.81860493414047,209,307.0864984792606,239,376.7754954046002,448,340.70513795516075,9,13.223820508676296,6,9.45879904781423,15,11.407538101177257,34,49.95665525499933,51,80.39979190642096,85,64.64271590667113,9,13.223820508676296,17,26.79993063547365,26,19.77306604204058,,,,,,,,,,,,,,,,,,
South_West,2012-13,PCT,unknown,0,0,0,0,0,0,0,0,0,0,0,0,0,0,0,0,0,0,0,0,0,0,0,0,0,0,0,0,0,0,0,0,0,0,0,0,22,0.8081603625260448,46,1.753926412110938,68,1.2722363051713226,32,1.1755059818560651,51,1.9445705873403878,83,1.552876666606173,18,0.6612221147940367,37,1.4107668966979283,55,1.029014658594452
South_West,2013-14,CCG,NHS Bath and North East Somerset ,507,553.2095976955055,608,687.3940079140758,1115,619.1108125065937,209,228.0489268606719,300,339.1746749576032,509,282.62547405009525,206,224.77549728850917,204,230.63877897117015,410,227.65509697551875,13,14.184861479371937,9,10.175240248728095,22,12.215639349905885,66,72.0154505875806,69,78.01017524024873,135,74.9596051016952,13,14.184861479371937,26,29.395138496325607,39,21.654997029378613,,,,,,,,,,,,,,,,,,
South_West,2013-14,CCG,NHS Bristol ,973,444.31861252037794,1395,638.429326560033,2368,541.2670403115942,488,222.84427842748656,909,416.00878698427954,1397,319.3201247108518,314,143.3875070209647,327,149.65332601084643,641,146.51696488164353,34,15.526035792078982,37,16.933250955355714,71,16.22886818501824,106,48.40469982236389,81,37.07008992929224,187,42.74363874082269,31,14.156091457483777,41,18.763872680259034,72,16.457443793257934,,,,,,,,,,,,,,,,,,
South_West,2013-14,CCG,NHS Dorset ,2106,549.6656592072912,2569,691.854217779226,4675,619.6460263790273,888,231.76785630392908,1303,350.9093210456721,2191,290.4052286195612,946,246.90584691837492,933,251.2650779244912,1879,249.05131199276838,42,10.961993203564214,41,11.04165937288761,83,11.001202179563478,186,48.54596990149866,203,54.669679334053285,389,51.55985117891799,44,11.483992879924415,89,23.968480102121884,133,17.628432408216174,,,,,,,,,,,,,,,,,,
South_West,2013-14,CCG,NHS Gloucestershire ,1392,451.0634988528988,1661,559.1651237165461,3053,504.08318941177635,498,161.37185519306294,719,242.04679346911294,1217,200.93981051887712,587,190.2114036111003,566,190.5403130786063,1153,190.3727210585582,37,11.9894751850268,26,8.7527352297593,63,10.401978687501444,217,70.31665176083266,288,96.9533748527184,505,83.38094027282904,53,17.174113102876177,62,20.8719070863491,115,18.987738874010574,,,,,,,,,,,,,,,,,,
South_West,2013-14,CCG,NHS Kernow ,1800,643.6064846928925,1925,729.4540273441053,3725,685.2843240061078,616,220.25644142823433,840,318.3072119319732,1456,267.85878543701824,885,316.43985497400547,832,315.27571467547824,1717,315.87468035395625,28,10.011656428556105,22,8.336617455361203,50,9.198447302095406,220,78.66301479579798,159,60.25100797283778,379,69.72423054988319,51,18.23551706629862,72,27.283475308454847,123,22.6281803631547,,,,,,,,,,,,,,,,,,
South_West,2013-14,CCG,NHS North Somerset ,641,605.2422857574498,639,637.5527552455925,1280,620.9522885487665,242,228.50020772746157,320,319.27524519341097,562,272.63686419094284,250,236.05393360274954,206,205.5334390932583,456,221.21425279549808,15,14.163236016164973,19,18.956967683358776,34,16.49404516457661,116,109.52902519167579,72,71.83693016851747,188,91.2023673806001,18,16.995883219397967,22,21.950173107047004,40,19.404759017148955,,,,,,,,,,,,,,,,,,
South_West,2013-14,CCG,"NHS North, East, West Devon ",2464,552.2917642628676,2893,675.6693634274397,5357,612.7124391948385,872,195.4539035865343,1380,322.30339492909326,2252,257.57483910150756,1129,253.05901049219867,1072,250.36901403187537,2201,251.74166112896012,61,13.672807475663523,58,13.546084714411167,119,13.610748602610746,332,74.41593576918508,329,76.83899777657369,661,75.60256156576222,70,15.69010693928601,54,12.611871975486258,124,14.182628795997752,,,,,,,,,,,,,,,,,,
South_West,2013-14,CCG,NHS Somerset ,1730,627.8511883807608,1806,687.8401590487543,3536,657.1220433224804,679,246.4225184453969,841,320.30651924695593,1520,282.4732765413378,788,285.9807725110055,711,270.7942154394598,1499,278.57068522070085,36,13.065111434512943,25,9.521596886056955,61,11.336098598040529,171,62.05927931393648,184,70.07895308137918,355,65.97237708695717,56,20.323506675909023,45,17.13887439490252,101,18.769605875444153,,,,,,,,,,,,,,,,,,
South_West,2013-14,CCG,NHS South Devon and Torbay ,888,624.8856487410806,1026,772.0845530413058,1914,696.0177168146098,308,216.73961690569013,449,337.8810568377644,757,275.2797343932391,455,320.18352497431493,470,353.6839570462122,925,336.37219856505436,24,16.888801317326504,19,14.297862093357514,43,15.63676166302415,82,57.70340450086555,66,49.66625779797874,148,53.8195517704087,19,13.370301042883481,22,16.55541926599291,41,14.909470422883492,,,,,,,,,,,,,,,,,,
South_West,2013-14,CCG,NHS South Gloucestershire ,622,458.34039511594835,682,511.2443778110944,1304,484.5656188802224,271,199.69493099103215,362,271.36431784107947,633,235.22242082145766,213,156.95579446896622,212,158.92053973013492,425,157.9297454172504,31,22.84333158938006,13,9.745127436281859,44,16.35037364319769,81,59.68741479805758,66,49.47526236881559,147,54.62511194431955,26,19.15892326851231,29,21.739130434782606,55,20.43796705399711,,,,,,,,,,,,,,,,,,
South_West,2013-14,CCG,NHS Swindon ,440,400.8819402685909,531,484.6393954328897,971,442.7240064926775,186,169.4637292953589,292,266.5060328934158,478,217.94240484397514,153,139.39758377521457,166,151.50685431611996,319,145.44691871386624,17,15.488620419468285,12,10.952302721647225,29,13.222447155806023,57,51.932433171158365,40,36.507675738824084,97,44.22680600390291,27,24.599573607390806,21,19.166529762882643,48,21.88542977512721,,,,,,,,,,,,,,,,,,
South_West,2013-14,CCG,NHS Wiltshire ,1270,523.6573549118647,1449,611.1113454149779,2719,566.8905874062306,514,211.93691372023503,696,293.5358843401136,1210,252.27569354966496,580,239.1506030306154,578,243.76974302957709,1158,241.43409349629093,42,17.317802288423874,20,8.434939205175679,62,12.926523140561345,104,42.882177095144826,102,43.01818994639596,206,42.949415596058664,30,12.369858777445623,53,22.35258889371555,83,17.304861623654705,,,,,,,,,,,,,,,,,,
South_West,2013-14,CCG,unknown,0,0,0,0,0,0,0,0,0,0,0,0,0,0,0,0,0,0,0,0,0,0,0,0,0,0,0,0,0,0,0,0,0,0,0,0,16,0.5839965952998494,49,1.8538556413962182,65,1.2075315788085268,37,1.3504921266309018,74,2.799700356394289,111,2.0620923884268687,12,0.43799744647488703,33,1.248515023797453,45,0.8359834007135954
South_West,2014-15,CCG,NHS Bath and North East Somerset ,452,489.1774891774892,531,592.4950625411456,983,540.0475769279368,204,220.77922077922076,248,276.7208578346593,452,248.32299569829854,156,168.8311688311688,172,191.9193046272637,328,180.1989880288538,9,9.74025974025974,12,13.389718927483514,21,11.53713033111564,57,61.688311688311686,62,69.18021445866482,119,65.37707187632196,14,15.15151515151515,28,31.242677497461536,42,23.07426066223128,,,,,,,,,,,,,,,,,,
South_West,2014-15,CCG,NHS Bristol ,1130,510.0474840666583,1398,632.7910703131365,2528,571.3330048771228,506,228.3929441926806,824,372.9755664792736,1330,300.582633103866,348,157.0765703143337,347,157.06616695183,695,157.0713759452533,28,12.638344737934895,35,15.842408770357496,63,14.2381247259726,198,89.37115207539676,148,66.99075708608312,346,78.19668500296063,38,17.152039287197358,32,14.484488018612566,70,15.820138584414,,,,,,,,,,,,,,,,,,
South_West,2014-15,CCG,NHS Dorset ,2237,579.6042523312424,2626,702.4865240827681,4863,640.0638089522064,866,224.37965244472772,1290,345.09048593555633,2156,283.7708353076202,1026,265.83547737677907,952,254.67142838034857,1978,260.34263090838255,42,10.88215404466347,26,6.955312119631368,68,8.95010055701214,199,51.56068225923882,220,58.85264101226542,419,55.148413726295395,83,21.50520918350162,94,25.146128432513407,177,23.29658527339925,,,,,,,,,,,,,,,,,,
South_West,2014-15,CCG,NHS Gloucestershire ,1308,419.70697522188635,1609,536.8952837303044,2917,477.15480295485924,453,145.35723224427716,670,223.56733380938718,1123,183.6972381619153,582,186.75035136019716,605,201.87796560399886,1187,194.16618138752756,27,8.663676094029764,27,9.009429869930528,54,8.833170846610352,176,56.474333057379205,251,83.75432953157639,427,69.84748058338187,57,18.289982865173947,44,14.682033862109009,101,16.521301027919364,,,,,,,,,,,,,,,,,,
South_West,2014-15,CCG,NHS Kernow ,1933,686.0716453297084,1885,709.0037838610428,3818,697.2051532554806,678,240.63971833085478,817,307.2976612278366,1495,273.0020178410015,925,328.3064003776411,780,293.3808760804315,1705,311.3501273705067,39,13.84210769159784,29,10.907750520939121,68,12.417483085744548,214,75.95412938466508,162,60.93295118593578,376,68.6613770623522,65,23.070179485996402,71,26.705182309885434,136,24.834966171489096,,,,,,,,,,,,,,,,,,
South_West,2014-15,CCG,NHS North Somerset ,619,578.9158654745427,626,618.393756791465,1245,598.1148572691372,261,244.09861209831283,283,279.5613948434259,544,261.3449657465146,210,196.4011821480678,204,201.52128815568508,414,198.8912055497372,13,12.158168418689911,17,16.793440679640423,30,14.41240619925632,103,96.33010362500468,86,84.95505284994567,189,90.79815905531481,26,24.316336837379822,18,17.781290131383976,44,21.13819575890927,,,,,,,,,,,,,,,,,,
South_West,2014-15,CCG,"NHS North, East, West Devon ",2466,548.3033945449815,2898,669.2083343917201,5364,607.6121431807884,834,185.43594122080884,1266,292.3456698895506,2100,237.87947439963753,1151,255.91938650497718,1117,257.938478093703,2268,256.90983235160854,63,14.007750955528726,81,18.704580774923855,144,16.311735387403715,332,73.81862408310376,329,75.97292685123392,661,74.87539646579067,69,15.341822475102889,67,15.471690270616026,136,15.405527865881288,,,,,,,,,,,,,,,,,,
South_West,2014-15,CCG,NHS Somerset ,1636,589.7408168414981,1913,724.0754128516762,3549,655.2697610268663,652,235.03118128402005,837,316.8066495331171,1489,274.9215762662733,664,239.35690854691615,743,281.22740812796417,1407,259.7815028923079,37,13.33765906059623,37,14.00459502117722,74,13.662993044798,210,75.7002271006813,226,85.54158039962302,436,80.50087793962065,51,18.384340867308318,51,19.30363097513617,102,18.83277419688373,,,,,,,,,,,,,,,,,,
South_West,2014-15,CCG,NHS South Devon and Torbay ,1008,704.3434512829114,1078,804.9581839904421,2086,752.9816050131393,339,236.87741069931243,455,339.7550776583035,794,286.60948915648737,529,369.6405612387501,462,344.98207885304663,991,357.7204077507292,20,13.975068477835542,17,12.694145758661888,37,13.355857807040342,90,62.887808150259936,113,84.37873357228196,203,73.27673337376189,21,14.673821901727319,22,16.42771804062127,43,15.521672586560397,,,,,,,,,,,,,,,,,,
South_West,2014-15,CCG,NHS South Gloucestershire ,616,450.53610871377794,739,548.0976043907142,1355,498.9762700879377,249,182.11605693138102,389,288.5114588741378,638,234.9423323366083,224,163.83131225955563,186,137.95149447452346,410,150.9817496207044,26,19.01613445869842,28,20.766891641326115,54,19.885401169556186,92,67.28786039231748,96,71.20077134168953,188,69.23065592364006,16,11.702236589968258,31,22.99191574575391,47,17.307663980910014,,,,,,,,,,,,,,,,,,
South_West,2014-15,CCG,NHS Swindon ,428,386.37922940815366,520,471.5783364167301,948,428.8816503800217,178,160.69042718376485,254,230.34787971124894,432,195.4397394136808,144,129.99675008124797,187,169.58682482678563,331,149.74665218964893,21,18.95785938684866,9,8.161932745674175,30,13.572204125950055,54,48.74878128046799,34,30.83396815032466,88,39.811798769453496,28,25.27714584913155,27,24.485798237022525,55,24.882374230908432,,,,,,,,,,,,,,,,,,
South_West,2014-15,CCG,NHS Wiltshire ,1146,469.04737542208125,1440,602.9696254051202,2586,535.2452586501305,474,194.00388826358335,661,276.7798072172114,1135,234.92009612061025,519,212.42197892151847,548,229.46344077917072,1067,220.84558815919925,26,10.641563491251407,39,16.330427354722005,65,13.453573786642878,80,32.74327228077356,121,50.66619769029135,201,41.6025897094649,35,14.325181622838432,50,20.936445326566673,85,17.593134951763762,,,,,,,,,,,,,,,,,,
South_West,2014-15,CCG,unknown,0,0,0,0,0,0,0,0,0,0,0,0,0,0,0,0,0,0,0,0,0,0,0,0,0,0,0,0,0,0,0,0,0,0,0,0,42,1.5204632634354651,79,2.96298741142918,121,2.2289586305278175,45,1.629067782252284,68,2.5504195440149906,113,2.0815894648730855,24,0.8688361505345514,34,1.2752097720074953,58,1.068426450996805
South_West,2015-16,CCG,NHS Bath and North East Somerset ,506,539.8254635457785,527,578.2312925170069,1033,558.7589385202895,201,214.43659717925195,245,268.81720430107526,446,241.2453887512576,209,222.9713871167346,173,189.81786262892254,382,206.62721637439552,19,20.270126101521328,23,25.23590081193768,42,22.718175622315737,51,54.40928585145198,37,40.596883914856264,88,47.59998701818536,17,18.13642861715066,37,40.596883914856264,54,29.20908294297738,,,,,,,,,,,,,,,,,,
South_West,2015-16,CCG,NHS Bristol ,1103,491.1718210763031,1407,625.9927123236475,2510,558.6119716554499,498,221.76207334179415,838,372.8371662595712,1336,297.33290602855817,304,135.3728319194888,304,135.25357821349598,608,135.31317879143964,32,14.24977178099882,35,15.571958018001183,67,14.91115621550404,215,95.74065415358582,164,72.96574614149127,379,84.34818217426913,45,20.038741567029593,54,24.025306656344682,99,22.032902467685073,,,,,,,,,,,,,,,,,,
South_West,2015-16,CCG,NHS Dorset ,2461,633.2452468009665,2672,708.6687265445769,5133,670.3862459153847,972,250.10742783036952,1303,345.5820923231975,2275,297.12228900399384,1076,276.86789335954484,993,263.36378946810066,2069,270.21802898868714,66,16.98260312428435,35,9.282711612672228,101,13.190923599737749,244,62.784169126142146,218,57.81803233035845,462,60.338680228503364,84,21.61422215818008,99,26.256812847272872,183,23.900386324277306,,,,,,,,,,,,,,,,,,
South_West,2015-16,CCG,NHS Gloucestershire ,1362,432.80551398038074,1579,522.033517262812,2941,476.5361444807036,496,157.61493020137215,709,234.40263694701312,1205,195.24857330814277,588,186.8499575774331,577,190.76208958875398,1165,188.76729286637868,35,11.122021284371018,48,15.86928994845787,83,13.448656916660456,157,49.89020976132142,172,56.8649556486407,329,53.30853163350952,71,22.56181460543835,61,20.167222642831877,132,21.38822545782145,,,,,,,,,,,,,,,,,,
South_West,2015-16,CCG,NHS Kernow ,1894,666.8027967694918,1922,718.0054242657442,3816,691.6451584838906,608,214.0528513388865,750,280.1790157124392,1358,246.13577704956063,916,322.48751945134876,894,333.9733867292275,1810,328.06020357857494,36,12.674181987170911,48,17.93145700559611,84,15.224893425746018,234,82.38218291661093,159,59.39795133103711,393,71.2307513847403,91,32.037515578682026,57,21.29360519414538,148,26.824812226314414,,,,,,,,,,,,,,,,,,
South_West,2015-16,CCG,NHS North Somerset ,521,483.51770732793824,618,604.7440112728981,1139,542.5256258811874,208,193.03586012324595,255,249.53029591357446,463,220.534999809473,190,176.3308337664266,241,235.8305933928292,431,205.29283999542736,12,11.136684237879575,9,8.806951620479099,21,10.002667377967459,85,78.88484668498032,72,70.45561296383279,157,74.78184658766148,20,18.56114039646596,35,34.24925630186316,55,26.19746218039096,,,,,,,,,,,,,,,,,,
South_West,2015-16,CCG,"NHS North, East, West Devon ",2260,498.2110695445337,2706,619.2602288928607,4966,557.604121285072,775,170.84671632611222,1142,261.3433781949915,1917,215.24911407641625,1041,229.48571831675204,1110,254.02027127534197,2151,241.52365382283324,75,16.53355319284957,62,14.188519656820903,137,15.382957031021922,298,65.69331801958896,311,71.17144537534357,609,68.38117395541862,53,11.683710922947029,63,14.41736674805995,116,13.024985515317832,,,,,,,,,,,,,,,,,,
South_West,2015-16,CCG,NHS Somerset ,1611,577.0946098432065,1886,708.402038815624,3497,641.1925411173655,634,227.11234180049217,772,289.97156625962975,1406,257.7971726654321,701,251.11317287404577,769,288.84473374825814,1470,269.53189460752856,41,14.68707573157757,42,15.775655159202653,83,15.218467518656375,160,57.3154174890832,215,80.75632998163263,375,68.75813637947157,54,19.34395340256558,72,27.043980272918837,126,23.102733823502447,,,,,,,,,,,,,,,,,,
South_West,2015-16,CCG,NHS South Devon and Torbay ,1258,874.7044917257683,1241,920.992088818963,2499,897.0944049166086,515,358.0864970101516,571,423.76026004482503,1086,389.85375099617323,562,390.7662355722431,486,360.67861012571797,1048,376.21245952485225,26,18.07815324711445,19,14.100604099565107,45,16.15416095288011,118,82.0470031984425,115,85.34576165526249,233,83.64265560046812,28,19.468780419969406,33,24.490522909770974,61,21.897862625015257,,,,,,,,,,,,,,,,,,
South_West,2015-16,CCG,NHS South Gloucestershire ,633,457.6807947594465,724,530.9669612408786,1357,494.0635911177779,259,187.26591760299627,336,246.4156063217337,595,216.6306829145747,199,143.8838517490203,208,152.54299438964466,407,148.18266881719646,30,21.691032926987983,34,24.93491254446115,64,23.30145160761812,126,91.10233829334953,89,65.27080048403066,215,78.27831399434211,16,11.568550894393592,51,37.40236881669172,67,24.393707151725216,,,,,,,,,,,,,,,,,,
South_West,2015-16,CCG,NHS Swindon ,457,409.2525096940009,510,459.0376410865691,967,434.0819413832266,190,170.14874582463932,243,218.7179348706594,433,194.3717483132752,172,154.02939095704193,177,159.31306367122104,349,156.66452693148509,15,13.432795722997842,16,14.40118089683354,31,13.915760271851111,58,51.94014346225832,56,50.404133138917395,114,51.17408616100086,13,11.641756293264796,12,10.800885672625157,25,11.22238731600896,,,,,,,,,,,,,,,,,,
South_West,2015-16,CCG,NHS Wiltshire ,1215,494.3043124491456,1420,590.9452210426438,2635,542.0773391100057,496,201.7900732302685,676,281.3232179048079,1172,241.10612578251488,529,215.21562245728234,503,209.32777900313368,1032,212.30505273682198,31,12.61187957689178,24,9.987806552833415,55,11.314707267950784,91,37.02196908055329,132,54.93293604058379,223,45.87599492278227,56,22.78275020341741,64,26.634150807555777,120,24.686634039165344,,,,,,,,,,,,,,,,,,
South_West,2015-16,CCG,unknown,0,0,0,0,0,0,0,0,0,0,0,0,0,0,0,0,0,0,0,0,0,0,0,0,0,0,0,0,0,0,0,0,0,0,0,0,27,0.969204426751478,30,1.114827616063774,57,1.0407558151318226,41,1.4717548702522445,71,2.6384253580175985,112,2.0449938823642833,24,0.8615150460013138,24,0.8918620928510193,48,0.8764259495846928
South_West,2016-17,CCG,NHS Bath and North East Somerset ,430,452.0653076672379,510,550.5656792469125,940,500.66311231364944,185,194.49321376381164,235,253.69202867259693,420,223.70053954439658,172,180.82612306689515,171,184.60143362984712,343,182.6887739612572,22,23.128922717858682,19,20.51127040331635,41,21.837433622191092,30,31.539440069807295,48,51.81794628206235,78,41.544385915387934,15,15.769720034903647,28,30.22713533120304,43,22.90267428668822,,,,,,,,,,,,,,,,,,
South_West,2016-17,CCG,NHS Bristol ,1116,492.1372692555322,1460,641.9077851103774,2576,567.1348023944713,485,213.87685984671427,880,386.90332253228223,1365,300.519800181853,329,145.08347812282267,325,142.89043161703606,654,143.98531085636034,33,14.552446133900146,39,17.146851794044327,72,15.851593855746092,207,91.28352574901,163,71.66504724177501,370,81.45957953647297,50,22.049160808939614,41,18.026177527072242,91,20.034653345456867,,,,,,,,,,,,,,,,,,
South_West,2016-17,CCG,NHS Dorset ,2421,618.493491895206,2686,706.0079011904355,5107,661.6279130024718,957,244.48503582970352,1303,342.49005780012567,2260,292.79010835825073,1088,277.9516394803735,1022,268.62996091460354,2110,273.35713656456153,53,13.539923614393194,33,8.673961555950996,86,11.141570495048478,246,62.845683191334444,223,58.614952332638545,469,60.76042514160159,71,18.13838823814937,84,22.079174869693443,155,20.080737520145515,,,,,,,,,,,,,,,,,,
South_West,2016-17,CCG,NHS Gloucestershire ,1220,383.8155671818814,1550,507.75056671514864,2770,444.53074724495247,420,132.13322804622146,639,209.32426589095482,1059,169.9487586037562,537,168.94177014481173,552,180.82471795274972,1089,174.7631710287918,42,13.213322804622146,41,13.430821442142642,83,13.31987437593179,154,48.44885028361454,221,72.39540338325668,375,60.18015531294483,58,18.246969587335347,61,19.98244165782198,119,19.09716928597449,,,,,,,,,,,,,,,,,,
South_West,2016-17,CCG,NHS Kernow ,1827,638.4830174700415,2019,748.1989860958762,3846,691.7328393240947,627,219.11814556853645,775,287.1987192790015,1402,252.16054101205947,882,308.23318084760626,914,338.70919925291275,1796,323.02448763028445,45,15.726182696306443,58,21.493581571847855,103,18.525346450957294,212,74.08779403593257,179,66.3336396786339,391,70.32437342062428,49,17.124065602644794,73,27.05226646111885,122,21.942643369095048,,,,,,,,,,,,,,,,,,
South_West,2016-17,CCG,NHS North Somerset ,523,481.4995534851177,605,587.025285750325,1128,532.8773012221219,177,162.95491580662684,249,241.60214239972055,426,201.24621482324818,223,205.3047809315129,238,230.92895538607826,461,217.78052824769347,6,5.523895451072096,29,28.138402126875082,35,16.534313424445273,95,87.46167797530819,38,36.871009683491486,133,62.830391012892036,16,14.73038786952559,39,37.841299412004425,55,25.982492524128286,,,,,,,,,,,,,,,,,,
South_West,2016-17,CCG,"NHS North, East, West Devon ",2198,481.215517996322,2626,595.1072484788052,4824,537.1788090532001,737,161.35388387774762,1153,261.29423362378617,1890,210.4618468305448,994,217.61975654610737,1051,238.17887210633066,2045,227.72194538013974,64,14.011734827918383,38,8.61160527120891,102,11.35825840037861,322,70.49654085296436,280,63.45393357732881,602,67.0359956571365,69,15.106401611349506,78,17.676452925113026,147,16.369254753486818,,,,,,,,,,,,,,,,,,
South_West,2016-17,CCG,NHS Somerset ,1637,582.2638932362063,1746,650.7567936251179,3383,615.7099774864546,622,221.23893805309734,766,285.49811220895776,1388,252.61763190990214,712,253.25100304470305,693,258.29006757285606,1405,255.71165189727128,48,17.073101328856385,38,14.163091728381717,86,15.652101112573188,192,68.29240531542554,167,62.24306101683544,359,65.33842208620668,40,14.227584440713654,57,21.244637592572577,97,17.654114045576737,,,,,,,,,,,,,,,,,,
South_West,2016-17,CCG,NHS South Devon and Torbay ,1043,722.4542664976553,1088,802.8216820885169,2131,761.3678181863654,335,232.0442754330916,452,333.52518410295005,787,281.18088827436395,504,349.10541736799456,428,315.81588229217397,932,332.9867698496915,25,17.316736972618777,17,12.544088782633077,42,15.005841559750047,149,103.2077523568079,151,111.42102389279968,300,107.1845825696432,24,16.624067493714026,27,19.92296453712312,51,18.22137903683934,,,,,,,,,,,,,,,,,,
South_West,2016-17,CCG,NHS South Gloucestershire ,693,495.8358375547351,774,561.4432137183644,1467,528.4144325218011,296,211.7855814086603,398,288.7007739792106,694,249.97928845952964,218,155.977218740162,210,152.32955410963376,428,154.16590124017102,27,19.318279385249422,24,17.409091898243858,51,18.37023589544094,107,76.55762571191437,88,63.83333696022748,195,70.23913724727419,39,27.904181334249163,48,34.818183796487716,87,31.33746123339925,,,,,,,,,,,,,,,,,,
South_West,2016-17,CCG,NHS Swindon ,405,361.4909493377129,599,536.6902607293252,1004,448.92374556218306,160,142.81123924452854,292,261.62530239225873,452,202.10511254393103,150,133.8855367917455,200,179.1954125974375,350,156.4973216601236,14,12.495983433896248,15,13.439655944807813,29,12.966920937553096,66,58.909636188368026,74,66.30230266105187,140,62.59892866404943,9,8.03313220750473,9,8.063793566884687,18,8.048433685377784,,,,,,,,,,,,,,,,,,
South_West,2016-17,CCG,NHS Wiltshire ,1127,455.9725526371155,1383,573.2761300752346,2510,513.9135437717159,490,198.24893592918065,661,273.9953159650977,1151,235.6631429805757,460,186.11124597433283,469,194.408174262679,929,190.20943512506938,32,12.94686928517098,35,14.508072706170076,67,13.71801092936453,109,44.10027350261365,147,60.93390536591431,256,52.4150865360794,27,10.923920959363015,55,22.79839996683869,82,16.789207406087932,,,,,,,,,,,,,,,,,,
South_West,2016-17,CCG,unknown,0,0,0,0,0,0,0,0,0,0,0,0,0,0,0,0,0,0,0,0,0,0,0,0,0,0,0,0,0,0,0,0,0,0,0,0,35,1.2468010646968635,89,3.278676446209445,124,2.245687645856507,39,1.3892926149479334,62,2.284021793988602,101,1.8291488083186065,15,0.5343433134415129,31,1.142010896994301,46,0.833077675075801
South_West,2017-18,CCG,NHS Bath and North East Somerset ,471,493.0130318731355,563,604.4469256948993,1034,548.023616955872,205,214.58104359658762,300,322.0853955745467,505,267.6517665016589,190,198.8799916261056,170,182.5150574922431,360,190.80125928831131,15,15.701051970482022,12,12.883415822981867,27,14.31009444662335,39,40.82273512325326,44,47.23919135093351,83,43.99029033591622,18,18.841262364578427,29,31.134921572206178,47,24.910164407085087,,,,,,,,,,,,,,,,,,
South_West,2017-18,CCG,"NHS Bristol, North Somerset and South Gloucestershire",2370,494.6981714953661,2776,588.0944764455028,5146,541.0503273533219,1020,212.90807380813226,1530,324.1298807498628,2550,268.10694418013424,765,159.6810553560992,785,166.30193228015838,1550,162.96696607027766,84,17.533606078316772,69,14.617622073033031,153,16.086416650808054,393,82.0322284378392,270,57.19939072056403,663,69.7078054868349,92,19.203473323870753,92,19.49016276404404,184,19.345755972213606,,,,,,,,,,,,,,,,,,
South_West,2017-18,CCG,NHS Dorset ,2322,593.9484784226856,2717,715.4782407187962,5039,653.8305334577242,960,245.56009443831965,1280,337.06740821496476,2240,290.6490166591193,985,251.95488856431757,985,259.3839039779221,1970,255.6154298296719,49,12.533796486955898,28,7.3733495547023535,77,9.991059947657227,255,65.22690008517866,270,71.10015642034412,525,68.12086327948109,65,16.62646472759456,75,19.75004345009559,140,18.165563541194956,,,,,,,,,,,,,,,,,,
South_West,2017-18,CCG,NHS Gloucestershire ,1381,431.5409229538523,1726,560.1659077705981,3107,494.63574145213084,510,159.3670316484176,695,225.55927340704847,1205,191.83652026064294,580,181.24093795310236,610,197.97288745079075,1190,189.4485137843694,33,10.311984400779961,33,10.710008665370648,66,10.50722849560368,180,56.24718764061797,305,98.98644372539538,485,77.21220939951189,70,21.873906304684766,65,21.09547161360885,135,21.492058286462072,,,,,,,,,,,,,,,,,,
South_West,2017-18,CCG,NHS Kernow ,1850,638.3118204998153,2010,734.1634371998057,3860,684.873174262963,630,217.37105238642363,780,284.89924428649175,1410,250.17387971781807,870,300.1790723431564,905,330.55617446060904,1775,314.93520319087025,43,14.836436908914628,28,10.227152359002268,71,12.59740812763481,200,69.00668329727733,225,82.18247431341108,425,75.40702048232104,95,32.77817456620674,60,21.915326483576287,155,27.501383940611206,,,,,,,,,,,,,,,,,,
South_West,2017-18,CCG,"NHS Northern, Eastern, West Devon ",2214,482.58634895308836,2558,576.8159668432291,4772,528.9017309007401,770,167.83716743174256,1110,250.29934448631136,1880,208.36866179660336,955,208.16168168482358,980,220.98500684377038,1935,214.46455349809975,55,11.988369102267326,48,10.823755437245897,103,11.41594264098412,340,74.10991808674348,330,74.41331863106554,670,74.25904436368312,80,17.43762778511611,70,15.784643345983598,150,16.625159185899204,,,,,,,,,,,,,,,,,,
South_West,2017-18,CCG,NHS Somerset ,1769,623.2318570477341,1936,713.464429965506,3705,667.3330991813688,745,262.46904098392423,840,309.56101300156257,1585,285.4852799466854,735,258.9459666083011,800,294.82001238244055,1535,276.47943515341456,38,13.387682627367948,28,10.318700433385418,66,11.8877151271175,179,63.06303132365428,185,68.17712786343937,364,65.56255009501166,60,21.138446253738863,65,23.95412600607329,125,22.514611983177083,,,,,,,,,,,,,,,,,,
South_West,2017-18,CCG,NHS South Devon and Torbay ,842,576.6135935627461,982,715.6599813432836,1824,643.9745658290997,280,191.74798835815784,405,295.15508395522386,685,241.8435184171783,355,243.10905666837868,410,298.79897388059703,765,270.0880169184546,20,13.69628488272556,18,13.118003731343283,38,13.416136788106241,165,112.99435028248587,114,83.08069029850746,279,98.5026885232011,18,12.326656394453003,23,16.761893656716417,41,14.475305481904103,,,,,,,,,,,,,,,,,,
South_West,2017-18,CCG,NHS Swindon ,497,438.2947951390726,679,601.0338845023546,1176,519.5126476591008,150,132.28213132969998,285,252.27489997521508,435,192.1666681392082,230,202.83260137220665,285,252.27489997521508,515,227.50766457860283,23,20.283260137220665,19,16.81832666501434,42,18.55402313068217,64,56.44037603400533,54,47.79945473214602,118,52.127969748107056,18,15.873855759563998,24,21.244202103176008,42,18.55402313068217,,,,,,,,,,,,,,,,,,
South_West,2017-18,CCG,NHS Wiltshire ,1316,525.1857704986072,1580,643.6762878618133,2896,583.8203542838021,580,231.46485325926457,750,305.54254170655696,1330,268.12191684995054,525,209.51559993295498,580,236.2862322530707,1105,222.7629459542822,19,7.582469330906942,28,11.406921557044793,47,9.474985031539605,145,57.86621331481614,160,65.18240889739882,305,61.48660499190595,35,13.967706662197,50,20.36950278043713,85,17.13561122725248,,,,,,,,,,,,,,,,,,
South_West,2017-18,CCG,unknown,0,0,0,0,0,0,0,0,0,0,0,0,0,0,0,0,0,0,0,0,0,0,0,0,0,0,0,0,0,0,0,0,0,0,0,0,36,1.2729758887758533,108,3.9454937347020786,144,2.5874527587726774,50,1.7680220677442406,77,2.8129909034450002,127,2.2819895858620143,16,0.565767061678157,36,1.3151645782340262,52,0.9343579406679113
South_West,2018-19,CCG,NHS Bath and North East Somerset ,464,478.0597368610845,581,611.2765263501215,1045,543.9705162774718,240,247.27227768676786,325,341.93609477416436,565,294.1084609538484,155,159.69667933937092,175,184.11943564762694,330,171.7801630349911,12,12.363613884338394,8,8.416888486748661,20,10.410918971817642,35,36.06054049598698,55,57.86610834639704,90,46.849135373179394,18,18.545420826507588,18,18.937999095184487,36,18.739654149271757,,,,,,,,,,,,,,,,,,
South_West,2018-19,CCG,"NHS Bristol, North Somerset and South Gloucestershire",2472,511.3216796668963,2923,613.4119597494307,5395,561.9978999299977,1240,256.4882211921324,1700,356.7568701929635,2940,306.26020867362246,750,155.1340047533059,795,166.83630106082703,1545,160.94286476215876,49,10.135421643882653,40,8.394279298657965,89,9.271142371412381,345,71.36164218652071,280,58.75995509060575,625,65.10633687789594,80,16.547627173685964,85,17.837843509648174,165,17.188072935764527,,,,,,,,,,,,,,,,,,
South_West,2018-19,CCG,NHS Devon,3051,501.1053553068552,3451,589.6000765403751,6502,544.4804156206088,1155,189.70065073071706,1500,256.27357716909955,2655,222.33089871927353,1330,218.44317356870448,1445,246.87687933956593,2775,232.37975289867572,53,8.70487834521905,43,7.346509212180854,96,8.039083343521755,445,73.08812950231089,395,67.48537532119622,840,70.34197925581535,48,7.883663406990839,40,6.833962057842656,88,7.369159731561608,,,,,,,,,,,,,,,,,,
South_West,2018-19,CCG,NHS Dorset ,2392,611.0770488452891,2717,713.4454399361392,5109,661.5579047688108,995,254.18965869609644,1320,346.6131691997437,2315,299.76640233701255,985,251.63498875945228,1020,267.8374489270747,2005,259.62489705646226,39,9.963212752912323,33,8.665329229993594,72,9.32318832322458,275,70.2534232577151,245,64.33350488934637,520,67.3341378899553,80,20.437359493153483,65,17.068072725744955,145,18.775865373160613,,,,,,,,,,,,,,,,,,
South_West,2018-19,CCG,NHS Gloucestershire ,1487,460.76951918220385,1821,585.8375933367006,3308,522.1305705239299,490,151.83393705398782,685,220.37273554950022,1175,185.4605261081069,625,193.66573603824978,665,213.93849509550023,1290,203.6119818548578,44,13.634067817092783,28,9.007936635600009,72,11.364389684922296,220,68.17033908546392,325,104.55640737750011,545,86.02211636503682,90,27.887865989507965,100,32.17120227000003,190,29.989361668544948,,,,,,,,,,,,,,,,,,
South_West,2018-19,CCG,NHS Kernow ,1901,650.9203966471265,2080,753.1811038448446,3981,700.6212491860404,695,237.9745795211746,865,313.22194943547623,1560,274.54638249942803,870,297.89623623513944,890,322.27460693361144,1760,309.74463666602134,39,13.353969210540733,28,10.138976397911371,67,11.791415145808768,210,71.90598805675779,230,83.2844489828434,440,77.43615916650533,75,25.68071002027064,55,19.915846495897334,130,22.878865208285667,,,,,,,,,,,,,,,,,,
South_West,2018-19,CCG,NHS Somerset ,1911,667.8665664808569,2066,756.0454359154518,3977,710.941564071441,785,274.34602547748443,930,340.33023010714913,1715,306.5790249893189,780,272.5985985636151,825,301.90584928860005,1605,286.91506420283196,19,6.640222272703444,23,8.416769131682184,42,7.508057754840463,260,90.86619952120503,200,73.18929679723637,460,82.23110874349078,55,19.221696052562603,60,21.95678903917091,115,20.557777185872695,,,,,,,,,,,,,,,,,,
South_West,2018-19,CCG,NHS Swindon ,515,451.0777693109459,703,616.1964115105138,1218,533.6067081986174,170,148.89945783079767,305,267.33983714183034,475,208.09785418254782,250,218.96979092764363,295,258.57459657980314,545,238.76490637787066,12,10.510549964526893,14,12.271336786838114,26,11.390619386834198,54,47.297474840371024,59,51.71491931596062,113,49.505384258164014,29,25.40049574760666,18,15.777433011649004,47,20.59073504543105,,,,,,,,,,,,,,,,,,
South_West,2018-19,CCG,NHS Wiltshire ,1432,568.348693036141,1610,654.1896581147961,3042,610.764881621639,700,277.8240817914097,815,331.1581188593533,1515,304.1777763500273,480,190.50794179982378,565,229.57587381047193,1045,209.81239358797262,19,7.5409393629096915,18,7.31392164351946,37,7.428764174885155,180,71.44047817493392,130,52.82276742541832,310,62.24099714092968,45,17.86011954373348,70,28.44302861368679,115,23.08940216518359,,,,,,,,,,,,,,,,,,
South_West,2018-19,CCG,unknown,0,0,0,0,0,0,0,0,0,0,0,0,0,0,0,0,0,0,0,0,0,0,0,0,0,0,0,0,0,0,0,0,0,0,0,0,32,1.1236590270728084,48,1.740291890457327,80,1.427043218182243,48,1.6854885406092128,87,3.1542790514539054,135,2.408135430682535,20,0.7022868919205053,32,1.160194593638218,52,0.927578091818458
South_West,2019-20,CCG,"NHS Bath and North East Somerset, Swindon and Wiltshire",2426,521.5858273133815,2698,590.6343518017851,5124,555.7984070149482,1080,232.19814241486068,1315,287.8740447069486,2395,259.78477455128825,950,204.2483660130719,940,205.7806859502142,1890,205.00760914485795,36,7.739938080495356,64,14.01059989448267,100,10.846963446817881,248,53.31957344341245,259,56.69914644798455,507,54.99410467536666,92,19.77984176126591,96,21.015899841724003,188,20.392291280017616,,,,,,,,,,,,,,,,,,
South_West,2019-20,CCG,"NHS Bristol, North Somerset and South Gloucestershire",2372,488.5523855032584,2938,614.6366363602131,5310,551.1031403538269,1225,252.30888374430504,1640,343.0919277163885,2865,297.34660962593483,720,148.29583371093847,860,179.91405965615496,1580,163.9817253783515,44,9.062523171224019,50,10.46011974745087,94,9.755874800990533,275,56.64076982015011,260,54.392622686744524,535,55.525457643935475,100,20.59664357096368,105,21.966251469646824,205,21.276109938330418,,,,,,,,,,,,,,,,,,
South_West,2019-20,CCG,NHS Devon,2938,479.9963403954987,3517,597.4677695272751,6455,537.5856035324913,1050,171.54396099907203,1420,241.22952309602803,2470,205.7066523199463,1370,223.82402530355114,1480,251.42231984656442,2850,237.35382959993805,49,8.005384846623361,33,5.606038212795017,82,6.829127728840323,355,57.9981963377815,420,71.34957725375477,775,64.54358524208841,100,16.337520095149717,125,21.234993230284157,225,18.738460231574056,,,,,,,,,,,,,,,,,,
South_West,2019-20,CCG,NHS Dorset ,2428,619.6422510265696,2781,728.0104712041885,5209,673.1374355647622,900,229.68617212681738,1200,314.13612565445027,2100,271.37427811211376,1110,283.27961228974146,1150,301.0471204188482,2260,292.05041358732245,44,11.229101748422183,28,7.329842931937173,72,9.3042609638439,285,72.73395450682551,275,71.98952879581152,560,72.36647416323034,75,19.14051434390145,105,27.4869109947644,180,23.26065240960975,,,,,,,,,,,,,,,,,,
South_West,2019-20,CCG,NHS Gloucestershire ,1447,445.9195434178331,1850,591.8636346185839,3297,517.525546643226,415,127.88984831955821,625,199.95393061438645,1040,163.2473668513664,645,198.7685594364218,775,247.9428739618392,1420,222.89544320090414,49,15.100247150983982,23,7.3583046466094215,72,11.301740782017674,250,77.04207730093869,345,110.37456969914132,595,93.39633007361827,80,24.65346473630038,70,22.394840228811283,150,23.545293295870156,,,,,,,,,,,,,,,,,,
South_West,2019-20,CCG,NHS Kernow ,1960,666.707485492309,2065,743.2870203729033,4025,703.9149915530201,630,214.2988346225279,790,284.356777769779,1420,248.33771130566174,955,324.849820737324,900,323.9507594845583,1855,324.412996107044,33,11.225177051656223,28,10.078468072852926,61,10.66802844341223,245,83.33843568653863,270,97.1852278453675,515,90.06614177634916,85,28.913334830023604,65,23.396443740551437,150,26.23285682806286,,,,,,,,,,,,,,,,,,
South_West,2019-20,CCG,NHS Somerset ,1830,636.1477948614554,1975,719.3432305249203,3805,676.7753123749388,700,243.33522207815233,835,304.1273911333207,1535,273.0223664902841,845,293.74037522291246,900,327.80197846705227,1745,310.37396060296146,18,6.257191424866774,18,6.556039569341046,36,6.40313041931611,205,71.26245789431604,170,61.918151488220985,375,66.69927520120947,50,17.381087291296595,44,16.025874502833666,94,16.719284983769843,,,,,,,,,,,,,,,,,,
South_West,2019-20,CCG,unknown,0,0,0,0,0,0,0,0,0,0,0,0,0,0,0,0,0,0,0,0,0,0,0,0,0,0,0,0,0,0,0,0,0,0,0,0,32,1.1186026415801382,43,1.55212131668978,75,1.3318856624106703,44,1.53807863217269,74,2.671092498489389,118,2.0955001088594547,12,0.4194759905925518,24,0.8663002697803424,36,0.6393051179571217
South_West,2020-21,CCG,"NHS Bath and North East Somerset, Swindon and Wiltshire",2151,459.24053443556755,2577,558.2973339514972,4728,508.40677703653046,920,196.42087014445474,1080,233.9779280821176,2000,215.06208842492828,925,197.4883748735007,1015,219.89592315124938,1940,208.61022577218043,18,3.8430170245654187,14,3.033047215879302,32,3.4409934147988523,215,45.902703348975834,345,74.74294924845422,560,60.21738475897992,55,11.742552019505446,105,22.747854119094765,160,17.20496707399426,,,,,,,,,,,,,,,,,,
South_West,2020-21,CCG,"NHS Bristol, North Somerset and South Gloucestershire",2140,438.90503448686053,2531,525.4536735045539,4671,481.9160263129658,970,198.94293619264238,1320,274.04142592888627,2290,236.26369091344287,730,149.7199416707515,870,180.61821254403867,1600,165.07506788712166,23,4.717203641681211,19,3.9445356762491204,42,4.333220532036943,330,67.68161746759999,225,46.71160669242379,555,57.260414173345325,75,15.382185788090906,85,17.646606972693434,160,16.507506788712167,,,,,,,,,,,,,,,,,,
South_West,2020-21,CCG,NHS Devon,2890,468.4470897927162,3207,540.9544886402931,6097,503.9788456181449,1115,180.73304675393723,1315,221.81326865044758,2430,200.86412905561622,1330,215.5829167558175,1385,233.62081907290485,2715,224.42226764855886,18,2.917663535041139,18,3.036227251489016,36,2.975764874898018,320,51.86957395628692,380,64.09813086476812,700,57.86209478968368,95,15.398779768272679,80,13.494343339951183,175,14.46552369742092,,,,,,,,,,,,,,,,,,
South_West,2020-21,CCG,NHS Dorset ,2237,568.6093092299245,2562,668.2943625379535,4799,617.8068436365509,745,189.36698049901378,965,251.7189929153494,1710,220.13955045186538,1140,289.7696077434573,1245,324.7566281653989,2385,307.03674141970697,14,3.558574130182809,14,3.651881762502478,28,3.604624217925281,240,61.004127945991016,235,61.29944387057731,475,61.149875125518165,80,20.334709315330336,75,19.56365229912042,155,19.954169777800665,,,,,,,,,,,,,,,,,,
South_West,2020-21,CCG,NHS Gloucestershire ,1436,439.849911938127,1723,548.4204663006286,3159,493.0929524701475,555,169.99770273374685,710,225.98870056497174,1265,197.45570904550064,640,196.0333869362126,750,238.72045834328003,1390,216.96714274564894,23,7.04494984302014,4,1.2731757778308268,27,4.21446967923203,140,42.8823033922965,170,54.109970557810136,310,48.38835557636775,70,21.44115169614825,75,23.872045834328002,145,22.63326309217201,,,,,,,,,,,,,,,,,,
South_West,2020-21,CCG,NHS Kernow ,1580,533.7026465571113,1815,649.4203520824389,3395,589.8961817471004,485,163.8264453039234,585,209.31730356376127,1070,185.91720602927762,825,278.67385025925114,880,314.87047373694,1705,296.25124885973673,18,6.080156732929116,12,4.293688278231,30,5.212631944746101,175,59.11263490347751,265,94.81894947760127,440,76.45193518960949,65,21.956121535577363,55,19.67940460855875,120,20.850527778984404,,,,,,,,,,,,,,,,,,
South_West,2020-21,CCG,NHS Somerset ,1545,535.4116778658387,1651,599.7355496788817,3196,566.8164107184344,545,188.86690254814374,665,241.56519717532183,1210,214.5956999278178,685,237.38317109262104,750,272.4419517014908,1435,254.4998590053046,8,2.7723582025415596,8,2.9060474848159017,16,2.8376290899546155,245,84.90346995283525,170,61.75350905233791,415,73.60100452069784,50,17.327238765884747,50,18.162796780099384,100,17.735181812216346,,,,,,,,,,,,,,,,,,
South_West,2020-21,CCG,unknown,0,0,0,0,0,0,0,0,0,0,0,0,0,0,0,0,0,0,0,0,0,0,0,0,0,0,0,0,0,0,0,0,0,0,0,0,24,0.8340892266950257,52,1.8648627227928183,76,1.3413818598224188,40,1.3901487111583761,55,1.9724509568000963,95,1.6767273247780234,28,0.9731040978108633,20,0.7172548933818532,48,0.8471885430457381
South_West,2021-22,ICB,"NHS BATH AND NORTH EAST SOMERSET, SWINDON AND WILTSHIRE ICB",2332,486.8699606244963,2897,620.6243519542062,5229,552.88517455692,975,203.558409780825,1235,264.574067885207,2210,233.67302271386367,945,197.29507409526116,1055,226.01266527845615,2000,211.4687988360757,39,8.142336391233,49,10.4972707096155,88,9.30462714878733,280,58.45779973192923,390,83.5497056479601,670,70.84204761008536,85,17.74611777576423,150,32.13450217229234,235,24.847583863238896,,,,,,,,,,,,,,,,,,
South_West,2021-22,ICB,"NHS BRISTOL, NORTH SOMERSET AND SOUTH GLOUCESTERSHIRE ICB",2233,450.1925364407976,2603,538.3148655970683,4836,493.6930609378126,1010,203.62492691679606,1325,274.0173633945891,2335,238.37330382336486,790,159.27098243987018,830,171.6486125415162,1620,165.3810501900861,49,9.87883308804258,45,9.306250077552084,94,9.596184393745737,275,55.44243059615734,300,62.04166718368056,575,58.70006411067872,95,19.152839660490717,85,17.57847236870949,180,18.3756722433429,,,,,,,,,,,,,,,,,,
South_West,2021-22,ICB,NHS CORNWALL AND THE ISLES OF SCILLY ICB,1656,560.1103985713125,1739,624.2752985859572,3395,591.2378378284244,465,157.27737641042293,550,197.44187131815784,1015,176.7618278043743,795,268.89357902427145,875,314.1120680061602,1670,290.82980535300993,23,7.77931109126823,12,4.307822646941625,35,6.095235441530148,280,94.70465676326542,240,86.15645293883252,520,90.55778370273363,85,28.749627945991286,50,17.94926102892344,135,23.510193845902,,,,,,,,,,,,,,,,,,
South_West,2021-22,ICB,NHS DEVON ICB,2918,466.8628194482443,3393,571.5777770290758,6311,517.8711074531261,1020,163.19399446100383,1400,235.84111047471444,2420,198.58153700468472,1310,209.59228700383827,1425,240.05255887604864,2735,224.42996020983998,50,7.999705610833521,39,6.569859506081331,89,7.303205286535926,410,65.59758600883487,405,68.22546410161382,815,66.87766638794135,105,16.799381782750395,100,16.845793605336745,205,16.8219897049423,,,,,,,,,,,,,,,,,,
South_West,2021-22,ICB,NHS DORSET ICB,2506,625.0155879785509,2832,744.3816533052964,5338,683.132838495009,890,221.97281456540716,1130,297.016690760941,2020,258.5103660097261,1275,317.99476243920685,1295,340.38638454461824,2570,328.89685180445355,23,5.736376106746477,18,4.731239321855697,41,5.246992577425134,215,53.62264621523881,250,65.71165724799579,465,59.508574353724086,85,21.199650829280458,105,27.598896044158234,190,24.31533145636038,,,,,,,,,,,,,,,,,,
South_West,2021-22,ICB,NHS GLOUCESTERSHIRE ICB,1447,437.74333780051364,1651,522.5907332729817,3098,479.2067874738006,500,151.25892805822863,615,194.66583946873635,1115,172.4711323541923,680,205.71214215919093,745,235.81471610440417,1425,220.42274762755517,24,7.260428546794975,24,7.596715686584833,48,7.424766235875542,160,48.40285697863316,195,61.72331495350176,355,54.912333619496195,75,22.688839208734294,60,18.99178921646208,135,20.88215503839996,,,,,,,,,,,,,,,,,,
South_West,2021-22,ICB,NHS SOMERSET ICB,1576,538.247689564962,1808,645.0277918501024,3384,590.4728668644216,545,186.13260838382251,710,253.30184303848048,1255,218.98447042400977,700,239.06940526362524,770,274.70763259102813,1470,256.4997382655732,18,6.147498992493221,23,8.205552661809932,41,7.154074332577212,205,70.01318297006168,225,80.27171082205368,430,75.03053568312686,55,18.784024699284842,60,21.40578955254765,115,20.06630605478974,,,,,,,,,,,,,,,,,,
South_West,2021-22,ICB,unknown,0,0,0,0,0,0,0,0,0,0,0,0,0,0,0,0,0,0,0,0,0,0,0,0,0,0,0,0,0,0,0,0,0,0,0,0,82,2.8082403360573265,52,1.8576795938540813,134,2.342997732712567,34,1.1643923344627938,62,2.214925669595251,96,1.6785655398537793,16,0.5479493338648441,24,0.8573905817788068,40,0.6994023082724081
South_West,2022-23,ICB,"NHS BATH AND NORTH EAST SOMERSET, SWINDON AND WILTSHIRE ICB",2163,447.9466523080746,2457,521.6759876173612,4620,484.3518701014413,720,149.1084556920082,990,210.19911588977925,1710,179.2730947778062,990,205.02412657651126,965,204.8910574077141,1955,204.9584212225796,55,11.390229254250626,34,7.21895953560858,89,9.330587973815645,295,61.09304781825335,320,67.94314857043369,615,64.47541127973732,85,17.603081574750966,125,26.540292410325662,210,22.01599409552006,,,,,,,,,,,,,,,,,,
South_West,2022-23,ICB,"NHS BRISTOL, NORTH SOMERSET AND SOUTH GLOUCESTERSHIRE ICB",2194,436.9151480513067,2586,526.9195581700038,4780,481.4015835896444,915,182.21392910982024,1325,269.9800520399285,2240,225.59404753991706,755,150.35138412886806,830,169.11957976840804,1585,159.62793096016452,75,14.935567959821332,49,9.984167962231318,124,12.488241917388265,330,65.71649902321386,265,53.9960104079857,595,59.92341887779047,105,20.909795143749864,105,21.394645633352827,210,21.149441956867225,,,,,,,,,,,,,,,,,,
South_West,2022-23,ICB,NHS CORNWALL AND THE ISLES OF SCILLY ICB,1575,529.7091140236705,1746,622.7685020384433,3321,574.8718179520646,400,134.52929879966234,460,164.07417579477888,860,148.86773966840576,830,279.1482950092994,925,329.9317665438488,1755,303.7940501372699,28,9.417050915976365,39,13.910636643470383,67,11.59783553230603,230,77.35434680980585,245,87.38733276026267,475,82.22346086336366,75,25.22424352493669,65,23.184394405783973,140,24.2342832018335,,,,,,,,,,,,,,,,,,
South_West,2022-23,ICB,NHS DEVON ICB,2766,437.86746198341615,3223,536.3067881163868,5989,485.85984780880375,915,144.84769620926454,1235,205.5038421730492,2150,174.41954796943196,1210,191.54722668110395,1365,227.13582555968597,2575,208.8978307075755,59,9.339906094367878,49,8.153593738040009,108,8.761540084045885,455,72.02808937182007,405,67.39194824298374,860,69.76781918777279,115,18.204901709361117,145,24.12798146971023,260,21.092596498628982,,,,,,,,,,,,,,,,,,
South_West,2022-23,ICB,NHS DORSET ICB,2097,520.4403764444268,2528,661.3576668306108,4625,589.0429103432114,705,174.96922527101617,985,257.6888061029081,1690,215.23946345514102,1010,250.66513123932813,1145,299.5468862820607,2155,274.4621560626207,39,9.67914863201366,29,7.586777032471406,68,8.660522789911,260,64.52765754675774,245,64.09518527432739,505,64.31711777801551,75,18.613747369257037,90,23.54517010077333,165,21.014503828460516,,,,,,,,,,,,,,,,,,
South_West,2022-23,ICB,NHS GLOUCESTERSHIRE ICB,1331,399.0872864763082,1573,493.26116814780903,2904,445.11954923981733,350,104.94406481345443,505,158.35784482812687,855,131.05275984849993,720,215.88493333053484,775,243.0244153302937,1495,229.1507321327572,28,8.395525185076355,40,12.543195629950644,68,10.422909555202335,175,52.472032406727216,150,47.03698361231491,325,49.815376550599396,50,14.99200925906492,80,25.086391259901287,130,19.926150620239756,,,,,,,,,,,,,,,,,,
South_West,2022-23,ICB,NHS SOMERSET ICB,1562,530.073708072595,1647,583.6782717169426,3209,556.2952022355821,485,164.58754700077375,575,203.77353141301884,1060,183.75597206909225,705,239.24581574339277,820,290.59877523247906,1525,264.36590321260917,49,16.628432583583326,24,8.505330006804265,73,12.654892416078996,260,88.2324994230952,155,54.93025629394421,415,71.94219661195594,55,18.664567185654754,50,17.71943751417555,105,18.202242516278005,,,,,,,,,,,,,,,,,,
South_West,2022-23,ICB,unknown,0,0,0,0,0,0,0,0,0,0,0,0,0,0,0,0,0,0,0,0,0,0,0,0,0,0,0,0,0,0,0,0,0,0,0,0,30,1.0186158843640085,56,1.9813189923577696,86,1.4900617214752374,34,1.1544313356125429,67,2.370506651570903,101,1.7499562077790578,16,0.5432618049941378,28,0.9906594961788848,44,0.76235715982454
South_West,2023-24,ICB,"NHS BATH AND NORTH EAST SOMERSET, SWINDON AND WILTSHIRE ICB",2101,430.717695404072,2633,554.4120820984697,4734,491.73788937040104,625,128.12877659569014,1000,210.5628872383098,1625,168.79469164066364,970,198.85586127651112,1145,241.09450588786473,2115,219.69278327384836,58,11.890350468080046,45,9.47532992572394,103,10.698986608608218,345,70.72708468082097,295,62.11605173530139,640,66.47914009232291,85,17.42551361701386,120,25.26754646859718,205,21.294099560822183,,,,,,,,,,,,,,,,,,
South_West,2023-24,ICB,"NHS BRISTOL, NORTH SOMERSET AND SOUTH GLOUCESTERSHIRE ICB",2307,455.1795167244438,2808,568.0272280857906,5115,510.8994377109707,980,193.35757537492628,1360,275.1129024916935,2340,233.7252559616171,855,168.6946193322061,960,194.19734293531306,1815,181.28689725227994,80,15.78429186734092,45,9.1030004500928,125,12.485323502223135,259,51.10164492051623,275,55.62944719501155,534,53.337302001497235,125,24.66295604272019,145,29.331890339187908,270,26.968298764801972,,,,,,,,,,,,,,,,,,
South_West,2023-24,ICB,NHS CORNWALL AND THE ISLES OF SCILLY ICB,1600,535.7365582441904,1771,629.3291922927607,3371,581.1417685948988,415,138.95666979458687,515,183.00651272206196,930,160.32685992087093,845,282.935869822713,910,323.37073121762404,1755,302.55230017325647,38,12.723743258299521,28,9.949868652849972,66,11.37803522019084,210,70.31542326954998,245,87.06135071243725,455,78.43948523010353,80,26.786827912209517,65,23.097909372687432,145,24.99719858981321,,,,,,,,,,,,,,,,,,
South_West,2023-24,ICB,NHS DEVON ICB,2892,453.71182396232246,3388,560.116189391353,6280,505.5206802634021,915,143.54990280965598,1300,214.9206157640965,2215,178.3006857935407,1360,213.3637899684504,1500,247.98532588164983,2860,230.22120152123088,60,9.413108380961047,59,9.754089484678227,119,9.579133909449816,435,68.24503576196759,400,66.12942023510662,835,67.21493121336636,110,17.257365365095254,105,17.35897281171549,215,17.306838575896727,,,,,,,,,,,,,,,,,,
South_West,2023-24,ICB,NHS DORSET ICB,1772,436.6683095120749,2087,545.4811577687285,3859,489.4735907498497,650,160.17742730409068,810,211.71046372432684,1460,185.18565496107294,820,202.06998521439132,945,246.99554101171464,1765,223.8716993193793,29,7.146377525874816,18,4.704676971651708,47,5.961456015870157,195,48.053228191227205,195,50.96733385956016,390,49.467400982752366,70,17.24987678659438,100,26.137094286953932,170,21.562713248892056,,,,,,,,,,,,,,,,,,
South_West,2023-24,ICB,NHS GLOUCESTERSHIRE ICB,1466,436.03894607066746,1607,500.7583825223795,3073,467.64545535131043,335,99.64055043224666,515,160.47950653330767,850,129.35198081634033,800,237.94758312178305,805,250.84660729963628,1605,244.24697554144265,44,13.087117071698069,33,10.283152845823599,77,11.717767673950831,205,60.97406817495691,155,48.29965730614115,360,54.78436834574415,70,20.820413523156017,85,26.48690884530321,155,23.587714148862062,,,,,,,,,,,,,,,,,,
South_West,2023-24,ICB,NHS SOMERSET ICB,1686,568.0377681102046,1749,614.9702535829313,3435,591.0030750225498,530,178.5646602007168,615,216.24168436449557,1145,197.00102500751657,760,256.05498443876365,820,288.3222458193274,1580,271.8442091806779,32,10.781262502684786,40,14.064499796064752,72,12.387837380385323,285,96.02061916453638,190,66.80637403130757,475,81.72531605115317,75,25.26858399066747,70,24.612874643113315,145,24.94772805772044,,,,,,,,,,,,,,,,,,
South_West,2023-24,ICB,unknown,0,0,0,0,0,0,0,0,0,0,0,0,0,0,0,0,0,0,0,0,0,0,0,0,0,0,0,0,0,0,0,0,0,0,0,0,24,0.8082151024084305,36,1.2660629539253314,60,1.0321751353482653,34,1.1449713950786098,78,2.7431364001715512,112,1.926726919316762,16,0.5388100682722871,16,0.5626946461890362,32,0.5504934055190749
