FinancialYear,Regime,Organisation,All_ABI__Female_Count,All_ABI__Female_Rate,All_ABI__Male_Count,All_ABI__Male_Rate,All_ABI__Total_Count,All_ABI__Total_Rate,Head_injuries_Female_Count,Head_injuries_Female_Rate,Head_injuries_Male_Count,Head_injuries_Male_Rate,Head_injuries_Total_Count,Head_injuries_Total_Rate,Stroke_Female_Count,Stroke_Female_Rate,Stroke_Male_Count,Stroke_Male_Rate,Stroke_Total_Count,Stroke_Total_Rate,Meningitis_Female_Count,Meningitis_Female_Rate,Meningitis_Male_Count,Meningitis_Male_Rate,Meningitis_Total_Count,Meningitis_Total _Rate,Brain_tumour_Female_Count,Brain_tumour_Female_Rate,Brain_tumour_Male_Count,Brain_tumour_Male_Rate,Brain_tumour_Total_Count,Brain_tumour_Total_Rate,Other_disorders_Female_Count,Other_disorders_Female_Rate,Other_disorders_Male_Count,Other_disorders_Male_Rate,Other_disorders_Total_Count,Other_disorders_Total_Rate,Abscess_Female_Count,Abscess_Female_Rate,Abscess_Male_Count,Abscess_Male_Rate,Abscess_Total_Count,Abscess_Total_Rate,Anoxia_Female_Count,Anoxia_Female_Rate,Anoxia_Male_Count,Anoxia_Male_Rate,Anoxia_Total_Count,Anoxia_Total_Rate,CO_poisoning_Female_Count,CO_poisoning_Female_Rate,CO_poisoning_Male_Count,CO_poisoning_Male_Rate,CO_poisoning_Total_Count,CO_poisoning_Total_Rate
2020-21,CCG,NHS Bassetlaw ,259,433.48731338287473,354,604.7973757944372,613,518.261751775448,100,167.369619066747,115,196.47372377502907,215,181.77206628339533,100,167.369619066747,125,213.5583954076403,225,190.22658099425092,4,6.69478476266988,0,0,4,3.3818058843422385,39,65.27415143603133,54,92.2572268161006,93,78.62698681095705,12,20.08435428800964,28,47.837080571311425,40,33.818058843422385,,,,,,,,,,,,,,,,,,
2020-21,CCG,NHS East Leicestershire and Rutland ,664,382.33871524978696,867,515.4945656051561,1531,447.84938687634565,185,106.52509385724485,255,151.61604870739885,440,128.7091640924834,370,213.0501877144897,410,243.7748234118962,780,228.1662454366751,8,4.606490545178156,8,4.756581920232121,16,4.680333239726669,79,45.48909413363429,130,77.29445620377197,209,61.13685294392961,18,10.36460372665085,28,16.648036720812424,46,13.455958064214173,,,,,,,,,,,,,,,,,,
2020-21,CCG,NHS Derby and Derbyshire,2321,444.00743009417704,2704,532.646251186832,5025,487.6780024709019,905,173.12655072607936,1075,211.75840237642174,1980,192.1596905258479,980,187.4740549298981,1070,210.77347957467094,2050,198.9532149383779,18,3.4434010089164957,34,6.697475051905432,52,5.0466181350222685,310,59.303017375784094,300,59.09536810504793,610,59.20071273776123,100,19.130005605091643,105,20.683378836766774,205,19.895321493837788,,,,,,,,,,,,,,,,,,
2020-21,CCG,NHS Leicester City ,546,310.3859928372463,683,383.43644386557827,1229,347.1398388864409,130,73.90142686601102,255,143.1570910479099,385,108.7460032313098,255,144.9604911602524,310,174.0341106856944,565,159.58829045633777,4,2.273890057415724,8,4.491202856405017,12,3.389485815001864,139,79.0176794951964,58,32.56122070893637,197,55.6440587962806,18,10.232505258370757,24,13.473608569215049,42,11.863200352506524,,,,,,,,,,,,,,,,,,
2020-21,CCG,NHS Lincolnshire,1636,418.80635070167983,2011,535.2689253897402,3647,475.90277333743944,550,140.79675604274078,685,182.32680949377027,1235,161.1570948921683,755,193.27554693139868,865,230.23750395928656,1620,211.39635119458512,14,3.5839174265424925,18,4.791069446551628,32,4.175730393967114,244,62.462560862597726,295,78.52030481848502,539,70.33495882338357,65,16.639616623233,70,18.63193673658966,135,17.61636259954876,,,,,,,,,,,,,,,,,,
2020-21,CCG,NHS Nottingham and Nottinghamshire,1445,386.452499772675,1755,479.2502396251198,3200,432.36757729583803,620,165.81352931422734,780,213.00010650005325,1400,189.16081506692916,545,145.7554410907321,660,180.23085934619888,1205,162.813415825464,12,3.209294115759239,12,3.2769247153854346,24,3.242756829718785,215,57.49985290735303,175,47.788485432704256,390,52.69479848293026,45,12.034852934097145,60,16.384623576927172,105,14.187061130019686,,,,,,,,,,,,,,,,,,
2020-21,CCG,NHS Northamptonshire,2166,409.69187992963737,2507,478.8874986867365,4673,444.119198437552,785,148.48020579167377,985,188.15484092797584,1770,168.21976914925466,965,182.52662240632506,1050,200.57115022779152,2015,191.50442646087464,18,3.4046416614651305,18,3.438362575333569,36,3.4214190335441623,325,61.47269666534264,295,56.35094220685571,620,58.92443891103835,65,12.294539333068528,70,13.3714100151861,135,12.830321375790609,,,,,,,,,,,,,,,,,,
2020-21,CCG,NHS West Leicestershire ,750,362.5465268042732,1035,505.284741377206,1785,433.5628666156593,220,106.34698119592014,325,158.66429077062025,545,132.37633742606965,385,186.10721709286022,450,219.68901799008958,835,202.81512247847368,12,5.800744428868371,8,3.905582542046037,20,4.857847244993382,94,45.43916469280224,204,99.59235482217395,298,72.38192395040139,35,16.91883791753275,24,11.71674762613811,59,14.330649372730475,,,,,,,,,,,,,,,,,,
2020-21,CCG,unknown,0,0,0,0,0,0,0,0,0,0,0,0,0,0,0,0,0,0,0,0,0,0,0,0,0,0,0,0,0,0,0,0,0,0,0,0,0,0,0,0,0,0,28,1.1512338966019275,50,2.0984280255974643,78,1.6199683109275793,16,0.6578479409153872,16,0.6714969681911886,32,0.6646023839702889
